"","iter","ll_total","objective","sigma","alpha","tau","converge","settings","gene_name","regime","model","param.count","dataset","ntips","AIC","AICc","delta_AIC","delta_AICc","AIC_weight","AICc_weight","truth","AICc_next_worse","AIC_next_worse"
"1",8,-370.285648961627,-299.444949201513,0.367655103478989,1e-10,0.268903803929335,"converged","BM1_1_BM1","BM1_1","BM1","BM1",3,"SCOUT_PPUPWTtS",256,746.571297923254,746.666536018492,0,0,0.999999949889059,0.99999995230086,"BM1",1.27088032167239,1.20675586710968
"2",7,-386.31908113901,-378.820888579837,1.13221871280148,0.459501657696397,0.266729835978878,"converged","BM1_1_OU1","BM1_1","OU1","OU1",4,"SCOUT_PPUPWTtS",256,780.63816227802,780.797524827821,34.0668643547658,34.1309888093285,4.00381844275858e-08,3.87748323186662e-08,"BM1",2.93798531241339,2.75999846462378
"3",7,-385.699080371322,-378.110371941998,1.12895228473784,0.461009096768053,0.266730620215515,"converged","BM1_1_OUM","BM1_1","OUM","OUM",6,"SCOUT_PPUPWTtS",256,783.398160742644,783.735510140234,36.8268628193896,37.0689741217419,1.0072756238164e-08,8.9243074532131e-09,"BM1",6.57985502213751,6.57985502213751
"4",9,-308.016260876093,-237.285818036105,0.224844167042144,1e-10,0.193664464368521,"converged","BM1_10_BM1","BM1_10","BM1","BM1",3,"SCOUT_PPUPWTtS",256,622.032521752187,622.127759847425,0,0,0.997881290878955,0.998075483229972,"BM1",1.13611761936181,1.0719931647991
"5",7,-311.484437504878,-298.293130370052,0.770127788090847,0.579297286003159,0.183125571918189,"converged","BM1_10_OUM","BM1_10","OUM","OUM",6,"SCOUT_PPUPWTtS",256,634.968875009756,635.306224407346,12.9363532575694,13.1784645599217,0.00154876477433348,0.0013724488528024,"BM1",1.8213616596214,1.99934850741101
"6",7,-314.484111758583,-302.721626509794,0.748214616655997,0.543299208570962,0.18382919435206,"converged","BM1_10_OU1","BM1_10","OU1","OU1",4,"SCOUT_PPUPWTtS",256,636.968223517167,637.127586066968,14.9357017649804,14.9998262195431,0.000569944346711525,0.000552067917225709,"BM1",10.4787440458136,10.300757198024
"7",9,-354.283225701427,-283.501763463675,0.318330133924346,1e-10,0.24947250879596,"converged","BM1_11_BM1","BM1_11","BM1","BM1",3,"SCOUT_PPUPWTtS",256,714.566451402853,714.661689498091,0,0,0.999998843506599,0.999998956514353,"BM1",7.14901217615875,7.08488772159603
"8",7,-365.173565534365,-353.807112352535,1.09204540860946,0.534412172742871,0.240988480188252,"converged","BM1_11_OUM","BM1_11","OUM","OUM",6,"SCOUT_PPUPWTtS",256,742.347131068731,742.684480466321,27.7806796658776,28.02279096823,9.27900815767714e-07,8.22105974376262e-07,"BM1",2.62398021683782,2.80196706462743
"9",7,-368.574549066679,-362.603842466039,0.962041257904341,0.43572477311558,0.241229030226087,"converged","BM1_11_OU1","BM1_11","OU1","OU1",4,"SCOUT_PPUPWTtS",256,745.149098133358,745.308460683159,30.5826467305051,30.6467711850678,2.28592585213871e-07,2.21379672129566e-07,"BM1",0.118484267851272,0.182608722413988
"10",9,-277.547884198342,-206.722211753843,0.163979415398757,1e-10,0.25801123244984,"converged","BM1_12_BM1","BM1_12","BM1","BM1",3,"SCOUT_PPUPWTtS",256,561.095768396684,561.191006491922,0,0,1,1,"BM1",4.87204716601559,4.62993586366326
"11",8,-317.634490357595,-323.484595524676,0.49157036042386,0.30337405868487,0.254685217117107,"converged","BM1_12_OUM","BM1_12","OUM","OUM",6,"SCOUT_PPUPWTtS",256,647.268980715191,647.606330112781,86.1732123185074,86.4153236208597,1.93965594155537e-19,1.7185053946365e-19,"BM1",0.40876451128679,0.650875813639118
"12",8,-320.835890508111,-332.250772760595,0.464521131424184,0.260823536599406,0.254493444561677,"converged","BM1_12_OU1","BM1_12","OU1","OU1",4,"SCOUT_PPUPWTtS",256,649.671781016222,649.831143566023,88.5760126195383,88.6401370741011,5.83395728749503e-20,5.64987444524205e-20,"BM1",3.96974352325617,4.03386797781889
"13",9,-320.959928264415,-250.172873900025,0.245474735427914,1e-10,0.222546293703449,"converged","BM1_13_BM1","BM1_13","BM1","BM1",3,"SCOUT_PPUPWTtS",256,647.91985652883,648.015094624068,0,0,0.999999938628401,0.999999941403885,"BM1",1.81604894195459,1.75192448739188
"14",7,-336.747506125934,-331.277101526041,0.738699543513012,0.428288359651697,0.214549852591125,"converged","BM1_13_OU1","BM1_13","OU1","OU1",4,"SCOUT_PPUPWTtS",256,681.495012251867,681.654374801668,33.5751557230373,33.6392801776,5.11973572271568e-08,4.95818921548319e-08,"BM1",3.16882234062075,3.23165733683368
"15",7,-336.363334794351,-329.468434061361,0.76383046987929,0.450087578269878,0.214478430874925,"converged","BM1_13_OUM","BM1_13","OUM","OUM",6,"SCOUT_PPUPWTtS",256,684.726669588701,685.064018986291,36.8068130598709,37.0489243622233,1.01742421363366e-08,9.01422240489714e-09,"BM1",3.6078451577531,0.00128945834978822
"16",9,-506.064846435784,-435.241923727503,1.05113035298435,1e-10,0.434272587277764,"converged","BM1_14_BM1","BM1_14","BM1","BM1",3,"SCOUT_PPUPWTtS",256,1018.12969287157,1018.22493096681,0,0,0.9999337259225,0.99993985622499,"BM1",0.442688897337916,0.3785644427752
"17",7,-512.988752992479,-503.703574028823,3.21239594193215,0.49105552436121,0.430578392113575,"converged","BM1_14_OUM","BM1_14","OUM","OUM",6,"SCOUT_PPUPWTtS",256,1037.97750598496,1038.31485538255,19.8478131133915,20.0899244157437,4.89861558734068e-05,4.34012483496158e-05,"BM1",1.90507243066918,2.08305927845868
"18",7,-516.030282631709,-508.437463190938,3.14789546197325,0.46105400946134,0.430442027936802,"converged","BM1_14_OU1","BM1_14","OU1","OU1",4,"SCOUT_PPUPWTtS",256,1040.06056526342,1040.21992781322,21.9308723918501,21.9949968464128,1.72879216260825e-05,1.67425266603105e-05,"BM1",1.22268538630465,1.28680984086736
"19",9,-323.85282449702,-253.012087302201,0.246653809766987,1e-10,0.266631918018486,"converged","BM1_15_BM1","BM1_15","BM1","BM1",3,"SCOUT_PPUPWTtS",256,653.705648994041,653.800887089279,0,0,0.999999999999998,0.999999999999998,"BM1",5.35339381736208,5.35339381736208
"20",7,-356.825669562225,-360.810962925679,0.700675417743822,0.319439850370118,0.263365493292649,"converged","BM1_15_OU1","BM1_15","OU1","OU1",4,"SCOUT_PPUPWTtS",256,721.651339124449,721.81070167425,67.9456901304083,68.009814584971,1.76108717199647e-15,1.70551838461929e-15,"BM1",0.803759772708418,0.803759772708418
"21",7,-356.331216531508,-358.009338277679,0.727318861980166,0.341656867588487,0.26346575507021,"converged","BM1_15_OUM","BM1_15","OUM","OUM",6,"SCOUT_PPUPWTtS",256,724.662433063016,724.999782460607,70.9567840689755,71.1988953713278,3.90778006096528e-16,3.46223315792631e-16,"BM1",12.4319106004629,12.6740219028152
"22",10,-371.257892336664,-300.440858084965,0.355574315341984,1e-10,0.297911783824222,"converged","BM1_16_BM1","BM1_16","BM1","BM1",3,"SCOUT_PPUPWTtS",256,748.515784673328,748.611022768566,0,0,0.999999999725323,0.999999999754214,"BM1",3.4561464850525,3.21403518270017
"23",8,-390.386618211951,-384.335341778996,1.12237452705464,0.436792824401008,0.292030581926397,"converged","BM1_16_OUM","BM1_16","OUM","OUM",6,"SCOUT_PPUPWTtS",256,792.773236423903,793.110585821493,44.2574517505743,44.4995630529266,2.45254204092217e-10,2.17291460703058e-10,"BM1",1.42055026669084,1.59853711448045
"24",8,-394.507141215468,-394.682578552163,1.00849883634205,0.357118791364342,0.292432309966418,"converged","BM1_16_OU1","BM1_16","OU1","OU1",4,"SCOUT_PPUPWTtS",256,797.014282430937,797.173644980737,48.4984977576083,48.562622212171,2.94228692276237e-11,2.84944693229029e-11,"BM1",2.18145887926994,2.00347203148033
"25",7,-206.080095666775,-135.334969920997,0.100172597003676,1e-10,0.168094829876055,"converged","BM1_17_BM1","BM1_17","BM1","BM1",3,"SCOUT_PPUPWTtS",256,418.16019133355,418.255429428788,0,0,0.999999999983495,0.999999999985376,"BM1",1.00377167919117,0.761660376838904
"26",8,-227.908004004112,-231.493322577946,0.256758394459617,0.324087688402987,0.166727504221268,"converged","BM1_17_OUM","BM1_17","OUM","OUM",6,"SCOUT_PPUPWTtS",256,467.816008008225,468.153357405815,49.6558166746748,49.8979279770271,1.64959150672638e-11,1.46151275725119e-11,"BM1",11.7256450608897,11.9036319086792
"27",7,-237.429056494422,-244.428083090858,0.263626010997212,0.294441887592538,0.166230287508042,"converged","BM1_17_OU1","BM1_17","OU1","OU1",4,"SCOUT_PPUPWTtS",256,482.858112988843,483.017475538644,64.6979216552934,64.7620461098561,8.93356532070799e-15,8.65167842737768e-15,"BM1",4.34293809787312,4.34293809787312
"28",8,-228.843698725117,-158.004533848008,0.116150501644286,1e-10,0.189781016398008,"converged","BM1_18_BM1","BM1_18","BM1","BM1",3,"SCOUT_PPUPWTtS",256,463.687397450234,463.782635545472,0,0,1,1,"BM1",0.0371623900452391,0.208101908487492
"29",7,-267.385689294748,-272.802327554548,0.341654618286838,0.307353463847556,0.184130408232926,"converged","BM1_18_OU1","BM1_18","OU1","OU1",4,"SCOUT_PPUPWTtS",256,542.771378589497,542.930741139298,79.0839811392633,79.148105593826,6.7163248275032e-18,6.50440003909394e-18,"BM1",1.88923177407048,1.71124492628087
"30",7,-266.241311757889,-270.469149885378,0.345278603003834,0.317825024137536,0.184411225632624,"converged","BM1_18_OUM","BM1_18","OUM","OUM",6,"SCOUT_PPUPWTtS",256,544.482623515778,544.819972913368,80.7952260655442,81.0373373678965,2.85456264182937e-18,2.52909868921283e-18,"BM1",8.98986381597763,9.16785066376724
"31",10,-482.01635341573,-411.193106220709,0.849907762025705,1e-10,0.439162755199072,"converged","BM1_19_BM1","BM1_19","BM1","BM1",3,"SCOUT_PPUPWTtS",256,970.032706831459,970.127944926698,0,0,0.99999997552641,0.999999976683056,"BM1",12.5285095736136,12.5285095736136
"32",8,-498.753338226408,-497.562382693239,2.33264333969916,0.372311899927615,0.435401166782719,"converged","BM1_19_OU1","BM1_19","OU1","OU1",4,"SCOUT_PPUPWTtS",256,1005.50667645282,1005.66603900262,35.4739696213568,35.5380940759195,1.98118650226597e-08,1.91867277248511e-08,"BM1",3.07177772185798,2.89379087406837
"33",8,-498.200233663442,-493.837743300149,2.48910253609813,0.41223460779603,0.435463488749669,"converged","BM1_19_OUM","BM1_19","OUM","OUM",6,"SCOUT_PPUPWTtS",256,1008.40046732688,1008.73781672448,38.3677604954252,38.6098717977775,4.66172506267921e-09,4.13021686277438e-09,"BM1",8.21294861295769,8.3909354607473
"34",9,-488.280608202537,-417.446052620764,0.913822286294873,1e-10,0.425862269924226,"converged","BM1_2_BM1","BM1_2","BM1","BM1",3,"SCOUT_PPUPWTtS",256,982.561216405073,982.656454500311,0,0,0.999999926505047,0.999999931841882,"BM1",0.947393185818896,0.947393185818896
"35",7,-504.395701393816,-497.990733210736,2.77028380091852,0.441952890440411,0.423133216905387,"converged","BM1_2_OU1","BM1_2","OU1","OU1",4,"SCOUT_PPUPWTtS",256,1016.79140278763,1016.95076533743,34.2301863825588,34.2943108371215,3.68985617075649e-08,3.57342763576956e-08,"BM1",0.194432699393701,0.0164458516040895
"36",7,-502.403924319618,-495.400882428178,2.76007616710321,0.451364157486965,0.423393803601149,"converged","BM1_2_OUM","BM1_2","OUM","OUM",6,"SCOUT_PPUPWTtS",256,1016.80784863924,1017.14519803683,34.2466322341629,34.4887435365152,3.65963916361185e-08,3.24238414860874e-08,"BM1",1.07973292997872,1.32184423233105
"37",10,-369.665853427886,-298.826159715519,0.349024722691591,1e-10,0.316267559546463,"converged","BM1_20_BM1","BM1_20","BM1","BM1",3,"SCOUT_PPUPWTtS",256,745.331706855772,745.42694495101,0,0,0.999999999999944,0.999999999999949,"BM1",1.23959106748225,1.23959106748225
"38",9,-397.505235583878,-397.429001851019,1.03710416130643,0.360055440355913,0.311704920130157,"converged","BM1_20_OUM","BM1_20","OUM","OUM",6,"SCOUT_PPUPWTtS",256,807.010471167755,807.347820565346,61.6787643119831,61.9208756143354,4.04228103767586e-14,3.58139895898879e-14,"BM1",1.71555570779844,1.89354255558806
"39",8,-400.452006861672,-404.031733551964,0.99237229544678,0.323066930448785,0.311717930461801,"converged","BM1_20_OU1","BM1_20","OU1","OU1",4,"SCOUT_PPUPWTtS",256,808.904013723343,809.063376273144,63.5723068675711,63.6364313221338,1.56837157566599e-14,1.51888367523583e-14,"BM1",5.96053749428779,5.96053749428779
"40",11,-469.774797194575,-398.937219533552,0.735847068728431,1e-10,0.505215535920868,"converged","BM1_21_BM1","BM1_21","BM1","BM1",3,"SCOUT_PPUPWTtS",256,945.549594389151,945.644832484389,0,0,1,1,"BM1",0.398392128296109,0.398392128296109
"41",8,-505.254128657171,-511.871621822197,2.08493951129473,0.296245705904988,0.502514497507665,"converged","BM1_21_OU1","BM1_21","OU1","OU1",4,"SCOUT_PPUPWTtS",256,1018.50825731434,1018.66761986414,72.9586629251914,73.0227873797542,1.43624206492477e-16,1.39092333726775e-16,"BM1",4.91093068498753,4.78806141734765
"42",8,-505.648159365845,-509.029162185518,2.21082422865172,0.324675651527456,0.502555241030182,"converged","BM1_21_OUM","BM1_21","OUM","OUM",6,"SCOUT_PPUPWTtS",256,1023.29631873169,1023.63366812928,77.7467243425391,77.9888356448914,1.31073023031489e-17,1.16128686714564e-17,"BM1",1.81570110301027,0.122869267639885
"43",8,-224.620900965563,-153.79073669682,0.113946136399263,1e-10,0.181418223893901,"converged","BM1_22_BM1","BM1_22","BM1","BM1",3,"SCOUT_PPUPWTtS",256,455.241801931126,455.337040026364,0,0,0.999999999999999,0.999999999999999,"BM1",0.13027520969473,4.43016898775204
"44",8,-258.963086526248,-263.648571780631,0.324109855425437,0.313722897890944,0.177010444084999,"converged","BM1_22_OU1","BM1_22","OU1","OU1",4,"SCOUT_PPUPWTtS",256,525.926173052497,526.085535602297,70.6843711213705,70.7484955759332,4.47799735369489e-16,4.33670004213651e-16,"BM1",0.867380094943996,0.689393247154385
"45",8,-257.307783149825,-260.856782492262,0.32551615500204,0.324015059220023,0.177334431982835,"converged","BM1_22_OUM","BM1_22","OUM","OUM",6,"SCOUT_PPUPWTtS",256,526.615566299651,526.952915697241,71.3737643685249,71.6158756708772,3.17237114529815e-16,2.81067214560351e-16,"BM1",1.17443310869078,1.41654441104311
"46",10,-312.692697056099,-241.875817116209,0.223899561392685,1e-10,0.244256071395858,"converged","BM1_23_BM1","BM1_23","BM1","BM1",3,"SCOUT_PPUPWTtS",256,631.385394112198,631.480632207436,0,0,0.999999999999781,0.99999999999979,"BM1",3.82559219991037,3.58348089755805
"47",7,-340.982863319452,-341.89535481401,0.655929788696466,0.349416318550746,0.237729880714923,"converged","BM1_23_OU1","BM1_23","OU1","OU1",4,"SCOUT_PPUPWTtS",256,689.965726638904,690.125089188704,58.5803325267057,58.6444569812684,1.90301590392373e-13,1.84296874224881e-13,"BM1",3.96087209130076,3.78288524351115
"48",6,-340.874305941207,-341.710443931033,0.6560182307481,0.350206870817605,0.237795882114372,"converged","BM1_23_OUM","BM1_23","OUM","OUM",6,"SCOUT_PPUPWTtS",256,693.748611882415,694.085961280005,62.3632177702168,62.6053290725691,2.87077611571581e-14,2.543463578234e-14,"BM1",0.268068461483949,0.510179763836277
"49",11,-305.125337741349,-234.323249166824,0.206323028234808,1e-10,0.250426674930218,"converged","BM1_24_BM1","BM1_24","BM1","BM1",3,"SCOUT_PPUPWTtS",256,616.250675482697,616.345913577935,0,0,0.999999999999941,0.999999999999946,"BM1",5.78184626948951,5.78184626948951
"50",8,-333.271207967601,-331.860575353853,0.639724268309648,0.375104945368147,0.243474507555474,"converged","BM1_24_OUM","BM1_24","OUM","OUM",6,"SCOUT_PPUPWTtS",256,678.542415935202,678.879765332792,62.2917404525047,62.533851754857,2.97522919291133e-14,2.63600740149728e-14,"BM1",2.77460946887606,0.0630227027415913
"51",8,-335.302719318972,-339.205937220027,0.587203653859568,0.319988290425269,0.243537969224498,"converged","BM1_24_OU1","BM1_24","OU1","OU1",4,"SCOUT_PPUPWTtS",256,678.605438637943,678.764801187744,62.3547631552462,62.418887609809,2.88293745583046e-14,2.79197015957611e-14,"BM1",0.11496414504802,2.88957361392409
"52",9,-452.047934747627,-381.207060159714,0.681970970363616,1e-10,0.399272955981472,"converged","BM1_25_BM1","BM1_25","BM1","BM1",3,"SCOUT_PPUPWTtS",256,910.095869495255,910.191107590493,0,0,0.999999999938247,0.999999999942806,"BM1",7.63333233978722,7.5692078852245
"53",12,-473.223991755041,-472.35113186997,1.91539658286423,0.368771827632758,0.396193772819023,"converged","BM1_25_OUM","BM1_25","OUM","OUM",6,"SCOUT_PPUPWTtS",256,958.447983510082,958.785332907673,48.3521140148274,48.5942253171797,3.16571524377125e-11,2.80477511901735e-11,"BM1",5.17573636422708,0.101140782025936
"54",7,-475.274562146054,-474.455713347729,1.94741789380946,0.368157841423217,0.396182369343921,"converged","BM1_25_OU1","BM1_25","OU1","OU1",4,"SCOUT_PPUPWTtS",256,958.549124292108,958.708486841909,48.4532547968533,48.5173792514161,3.00960434851835e-11,2.91464024522569e-11,"BM1",0.0768460657636751,5.25258242999075
"55",10,-367.587881882537,-296.758460432799,0.34563901912452,1e-10,0.299488999247522,"converged","BM1_26_BM1","BM1_26","BM1","BM1",3,"SCOUT_PPUPWTtS",256,741.175763765073,741.271001860311,0,0,0.999999999971914,0.999999999974884,"BM1",1.41347860601002,1.17136730365769
"56",7,-388.989007882391,-383.512437101706,1.09235439450927,0.428253817284287,0.294421053932647,"converged","BM1_26_OUM","BM1_26","OUM","OUM",6,"SCOUT_PPUPWTtS",256,789.978015764782,790.315365162372,48.8022519997085,49.0443633020608,2.52770056796313e-11,2.23950390840966e-11,"BM1",2.79522065912101,2.79522065912101
"57",7,-393.185886769191,-394.275897271949,0.980524537109106,0.34744955054712,0.294563641526674,"converged","BM1_26_OU1","BM1_26","OU1","OU1",4,"SCOUT_PPUPWTtS",256,794.371773538383,794.531136088184,53.1960097733099,53.2601342278726,2.8095272457511e-12,2.72087631204501e-12,"BM1",2.64250889255356,2.64250889255356
"58",10,-249.943532611365,-179.120101550731,0.131348260008181,1e-10,0.218675722437283,"converged","BM1_27_BM1","BM1_27","BM1","BM1",3,"SCOUT_PPUPWTtS",256,505.88706522273,505.982303317968,0,0,1,1,"BM1",9.30113996331681,9.3011399633167
"59",8,-288.23338691921,-292.61557200631,0.402181697238958,0.315932405004791,0.211291425228583,"converged","BM1_27_OUM","BM1_27","OUM","OUM",6,"SCOUT_PPUPWTtS",256,588.46677383842,588.80412323601,82.5797086156902,82.8218199180425,1.16961819447932e-18,1.0362637691641e-18,"BM1",0.935777787523079,1.11376463531269
"60",8,-290.790269236866,-297.626042232034,0.39381182660119,0.294802477658879,0.211676198699839,"converged","BM1_27_OU1","BM1_27","OU1","OU1",4,"SCOUT_PPUPWTtS",256,589.580538473733,589.739901023534,83.6934732510028,83.7575977055656,6.70182676941417e-19,6.49035944814234e-19,"BM1",0.362411001076225,0.362411001076225
"61",9,-411.164458080156,-340.346389778721,0.504846961636404,1e-10,0.297074838410726,"converged","BM1_28_BM1","BM1_28","BM1","BM1",3,"SCOUT_PPUPWTtS",256,828.328916160312,828.42415425555,0,0,0.99999360924939,0.999994025393756,"BM1",11.7062732825696,11.4641619802172
"62",7,-422.647701523929,-413.346369159637,1.60748782165183,0.491607830086298,0.291530944828711,"converged","BM1_28_OU1","BM1_28","OU1","OU1",4,"SCOUT_PPUPWTtS",256,853.295403047857,853.454765597658,24.9664868875453,25.030611342108,3.78960095040593e-06,3.67002660840268e-06,"BM1",0.930601246101219,0.752614398311607
"63",7,-421.024008723084,-411.234406987613,1.60893669268673,0.501009779172157,0.291507084250198,"converged","BM1_28_OUM","BM1_28","OUM","OUM",6,"SCOUT_PPUPWTtS",256,854.048017446169,854.385366843759,25.7191012858569,25.9612125882093,2.60114966011879e-06,2.30457963580958e-06,"BM1",7.6654708914125,7.6654708914125
"64",9,-472.306723546201,-401.505666665585,0.808031694216453,1e-10,0.367814165158551,"converged","BM1_29_BM1","BM1_29","BM1","BM1",3,"SCOUT_PPUPWTtS",256,950.613447092401,950.708685187639,0,0,0.998010745301619,0.998124722536498,"BM1",7.86490211244075,7.80077765787803
"65",6,-477.900853361049,-468.603059019513,2.45350532665178,0.491296318329158,0.362833531456198,"converged","BM1_29_OU1","BM1_29","OU1","OU1",4,"SCOUT_PPUPWTtS",256,963.801706722099,963.9610692719,13.1882596296977,13.2523840842604,0.00136565508360001,0.0013227146778247,"BM1",1.74574882333411,1.5677619755445
"66",7,-476.684734348822,-465.578529389129,2.57273843303028,0.528005212776853,0.362562903923286,"converged","BM1_29_OUM","BM1_29","OUM","OUM",6,"SCOUT_PPUPWTtS",256,965.369468697643,965.706818095234,14.7560216052422,14.9981329075945,0.00062359961478134,0.000552562785676759,"BM1",3.86281629974485,4.10492760209718
"67",11,-326.529521405701,-255.692131283026,0.233107485188834,1e-10,0.329965646720539,"converged","BM1_3_BM1","BM1_3","BM1","BM1",3,"SCOUT_PPUPWTtS",256,659.059042811403,659.154280906641,0,0,1,1,"BM1",4.48099258820093,4.23888128584861
"68",9,-369.889026895182,-383.512153801354,0.649262971839094,0.245900914053867,0.326943789532963,"converged","BM1_3_OU1","BM1_3","OU1","OU1",4,"SCOUT_PPUPWTtS",256,747.778053790364,747.937416340165,88.7190109789611,88.7831354335239,5.43139697361651e-20,5.26001639212842e-20,"BM1",0.673606428401399,0.737730882964115
"69",7,-369.864909928014,-378.753341411715,0.694667568223353,0.278724150621674,0.3269523974628,"converged","BM1_3_OUM","BM1_3","OUM","OUM",6,"SCOUT_PPUPWTtS",256,751.729819856028,752.067169253619,92.6707770446254,92.9128883469778,7.53002551733409e-21,6.67148703852729e-21,"BM1",21.6592941756411,21.9014054779934
"70",9,-488.754304795446,-417.952551959498,0.921085113565306,1e-10,0.384800859259377,"converged","BM1_30_BM1","BM1_30","BM1","BM1",3,"SCOUT_PPUPWTtS",256,983.508609590892,983.60384768613,0,0,0.986854070006554,0.987520295608796,"BM1",2.74686838415357,2.74686838415357
"71",8,-492.346755987691,-481.951928642113,2.84318375777242,0.512892819456883,0.379891526485872,"converged","BM1_30_OU1","BM1_30","OU1","OU1",4,"SCOUT_PPUPWTtS",256,992.693511975382,992.852874525183,9.18490238449044,9.24902683905316,0.00999486023323948,0.00968602020086852,"BM1",2.13013667263942,2.19426112720214
"72",7,-491.501084970279,-480.779000920938,2.85121349768963,0.51971168503553,0.379928398442609,"converged","BM1_30_OUM","BM1_30","OUM","OUM",6,"SCOUT_PPUPWTtS",256,995.002169940558,995.339519338148,11.4935603496658,11.7356716520181,0.00315106976020625,0.00279368419033546,"BM1",2.02583676583959,2.26794806819191
"73",8,-176.82419445322,-105.985008716951,0.0780973917399162,1e-10,0.146357356832569,"converged","BM1_4_BM1","BM1_4","BM1","BM1",3,"SCOUT_PPUPWTtS",256,359.64838890644,359.743627001678,0,0,0.999999999999964,0.999999999999966,"BM1",2.89418530518401,2.83006085062129
"74",7,-207.002464204985,-209.561546022277,0.225772276988437,0.333911980569529,0.137650088143344,"converged","BM1_4_OU1","BM1_4","OU1","OU1",4,"SCOUT_PPUPWTtS",256,422.00492840997,422.164290959771,62.35653950353,62.4206639580927,2.88037804210036e-14,2.78949150477699e-14,"BM1",2.95248237465609,2.77449552686653
"75",7,-206.389711968418,-208.737001793256,0.225522940938061,0.336041452535734,0.137530190124268,"converged","BM1_4_OUM","BM1_4","OUM","OUM",6,"SCOUT_PPUPWTtS",256,424.779423936837,425.116773334427,65.1310350303966,65.3731463327488,7.19408297923227e-15,6.37384710577069e-15,"BM1",11.0518930332318,11.2940043355841
"76",9,-495.635059004375,-424.821942629478,0.983977576751074,1e-10,0.380208289892816,"converged","BM1_5_BM1","BM1_5","BM1","BM1",3,"SCOUT_PPUPWTtS",256,997.27011800875,997.365356103988,0,0,0.857727328764557,0.864609454874209,"BM1",4.35865097686246,4.29452652229975
"77",7,-496.782322265525,-484.284545053916,3.19679655385433,0.56059595170362,0.374815978166062,"converged","BM1_5_OU1","BM1_5","OU1","OU1",4,"SCOUT_PPUPWTtS",256,1001.56464453105,1001.72400708085,4.29452652229975,4.35865097686246,0.100185452069901,0.0978027230098643,"BM1",1.56694209846819,1.63106655303091
"78",7,-495.64960114288,-482.297829064436,3.26969337640725,0.582891110966507,0.374693142599935,"converged","BM1_5_OUM","BM1_5","OUM","OUM",6,"SCOUT_PPUPWTtS",256,1003.29920228576,1003.63655168335,6.02908427701004,6.27119557936237,0.0420872191655423,0.037587822115927,"BM1",0.867855331366854,1.10996663371918
"79",9,-243.865416538842,-173.025307677906,0.128621539355823,1e-10,0.204250063269076,"converged","BM1_6_BM1","BM1_6","BM1","BM1",3,"SCOUT_PPUPWTtS",256,493.730833077683,493.826071172921,0,0,0.999999999999993,0.999999999999993,"BM1",3.60022809601463,3.53610364145192
"80",8,-275.443253149815,-281.962276291332,0.352030057797776,0.297521283373031,0.198384379537961,"converged","BM1_6_OU1","BM1_6","OU1","OU1",4,"SCOUT_PPUPWTtS",256,558.88650629963,559.04586884943,65.1556732219464,65.2197976765091,7.10600203472263e-15,6.88178149501949e-15,"BM1",2.14513764249125,2.20926209705397
"81",7,-276.862852130173,-279.544366114366,0.380488146120156,0.331843579763628,0.198585496411766,"converged","BM1_6_OUM","BM1_6","OUM","OUM",6,"SCOUT_PPUPWTtS",256,565.725704260347,566.063053657937,71.9948711826636,72.236982485016,2.3254786680326e-16,2.0603384087394e-16,"BM1",1.89048332380594,1.89048332380594
"82",9,-498.59785554204,-427.757833943613,0.969728657519763,1e-10,0.49265675381864,"converged","BM1_7_BM1","BM1_7","BM1","BM1",3,"SCOUT_PPUPWTtS",256,1003.19571108408,1003.29094917932,0,0,0.999999999994791,0.999999999995233,"BM1",0.345602504031717,0.10349120167939
"83",7,-522.015557831807,-517.930849201635,2.97282382407223,0.408470090312355,0.490533895377925,"converged","BM1_7_OUM","BM1_7","OUM","OUM",6,"SCOUT_PPUPWTtS",256,1056.03111566361,1056.3684650612,52.8354045795331,53.0775158818853,3.36463277423649e-12,2.98101299803844e-12,"BM1",1.02463002280888,1.20261687059838
"84",7,-524.616866267106,-524.594456503288,2.79010605037738,0.359172418474076,0.490339173518334,"converged","BM1_7_OU1","BM1_7","OU1","OU1",4,"SCOUT_PPUPWTtS",256,1057.23373253421,1057.39309508401,54.0380214501315,54.1021459046942,1.84413510694284e-12,1.78594585130541e-12,"BM1",43.2173540918197,43.2814785463825
"85",9,-161.584547604631,-90.7637248629769,0.0654473391610628,1e-10,0.158481957278402,"converged","BM1_8_BM1","BM1_8","BM1","BM1",3,"SCOUT_PPUPWTtS",256,329.169095209263,329.264333304501,0,0,1,1,"BM1",2.89480531312449,2.83068085856178
"86",7,-202.520191304505,-210.304582217658,0.196611748661224,0.288053876487391,0.147781717202253,"converged","BM1_8_OU1","BM1_8","OU1","OU1",4,"SCOUT_PPUPWTtS",256,413.04038260901,413.199745158811,83.8712873997475,83.9354118543102,6.13170632104646e-19,5.93822840000336e-19,"BM1",1.07206247200867,0.894075624219113
"87",7,-200.967229116615,-204.217990622653,0.209565380833811,0.327432222905209,0.14751900764363,"converged","BM1_8_OUM","BM1_8","OUM","OUM",6,"SCOUT_PPUPWTtS",256,413.934458233229,414.27180763082,84.7653630239666,85.0074743263189,3.92134714774408e-19,3.47425338858657e-19,"BM1",0.402133743611103,0.402133743611103
"88",9,-578.568403474881,-507.729570065344,1.85902880760971,1e-10,0.5946867829827,"converged","BM1_9_BM1","BM1_9","BM1","BM1",3,"SCOUT_PPUPWTtS",256,1163.13680694976,1163.232045045,0,0,0.999998559293496,0.999998636593349,"BM1",27.5888512330557,27.524726778493
"89",7,-591.330766864128,-585.94454629589,5.36710192912298,0.426701199952674,0.592236841229091,"converged","BM1_9_OU1","BM1_9","OU1","OU1",4,"SCOUT_PPUPWTtS",256,1190.66153372826,1190.82089627806,27.524726778493,27.5888512330557,1.05458331625029e-06,1.02130740693047e-06,"BM1",2.18747594705633,2.00948909926683
"90",7,-590.335511413761,-584.288011654476,5.40815985467683,0.436503192971351,0.592286308465368,"converged","BM1_9_OUM","BM1_9","OUM","OUM",6,"SCOUT_PPUPWTtS",256,1192.67102282752,1193.00837222511,29.5342158777598,29.776327180112,3.86123187579918e-07,3.42099244472727e-07,"BM1",NA,NA
"91",6,-235.859819958452,-216.476360871924,0.660537229443515,0.952140189426952,0.113862754775776,"converged","OU1_1_OU1","OU1_1","OU1","OU1",4,"SCOUT_PPUPWTtS",256,479.719639916904,479.879002466705,0,0,0.680301538321594,0.699338810593098,"OU1",1.68830263639012,1.51031578860056
"92",7,-234.614977852752,-215.249074673133,0.652591089051811,0.949275905809608,0.113644797642832,"converged","OU1_1_OUM","OU1_1","OUM","OUM",6,"SCOUT_PPUPWTtS",256,481.229955705505,481.567305103095,1.51031578860056,1.68830263639012,0.319698461678406,0.300661189406902,"OU1",1.45017043554918,1.62815728333874
"93",8,-283.325577948492,-212.676919128138,0.19396873791162,1e-10,0.131378307394842,"converged","OU1_1_BM1","OU1_1","BM1","BM1",3,"SCOUT_PPUPWTtS",256,572.651155896984,572.746393992222,92.9315159800799,92.8673915255172,4.49654724078711e-21,4.77298188880902e-21,"OU1",7.68589380243202,7.6217693478693
"94",6,-260.438341179513,-241.098247198971,0.765998809583648,0.913658664809501,0.131185322274956,"converged","OU1_10_OU1","OU1_10","OU1","OU1",4,"SCOUT_PPUPWTtS",256,528.876682359027,529.036044908828,0,0,0.587086402572048,0.608479908996837,"OU1",0.881854124983761,0.703867277194149
"95",6,-258.790274818111,-239.420421701282,0.761505239030648,0.921717497562722,0.130962652729792,"converged","OU1_10_OUM","OU1_10","OUM","OUM",6,"SCOUT_PPUPWTtS",256,529.580549636221,529.917899033812,0.703867277194149,0.881854124983761,0.412913597427952,0.391520091003163,"OU1",1.24533170505003,1.42331855283965
"96",8,-300.706481335999,-230.020513822634,0.221435344886162,1e-10,0.14526049962296,"converged","OU1_10_BM1","OU1_10","BM1","BM1",3,"SCOUT_PPUPWTtS",256,607.412962671998,607.508200767236,78.5362803129713,78.4721558584085,5.18519910377088e-18,5.54924765176065e-18,"OU1",8.8377128106988,8.8377128106988
"97",7,108.537884980126,126.315564091879,0.0350966273699101,0.792277059721439,0.05,"converged","OU1_11_OU1","OU1_11","OU1","OU1",4,"SCOUT_PPUPWTtS",256,-209.075769960253,-208.916407410452,0,0,0.798511957985992,0.812333605170024,"OU1",0.906276145145654,0.970400599708341
"98",20,109.154875984361,126.939204253921,0.0349097812154829,0.793250019325077,0.0500825545380997,"converged","OU1_11_OUM","OU1_11","OUM","OUM",6,"SCOUT_PPUPWTtS",256,-206.309751968721,-205.972402571131,2.76601799153104,2.94400483932063,0.200284918912637,0.186402568177638,"OU1",9.98752907150202,10.2296403738543
"99",11,101.040055797434,171.30393959052,0.01,1e-10,0.05,"early_stop_oscillating","OU1_11_BM1","OU1_11","BM1","BM1",3,"SCOUT_PPUPWTtS",256,-196.080111594867,-195.984873499629,12.9956583653853,12.9315339108227,0.0012031231013715,0.00126382665233854,"OU1",138.758968617726,138.516857315374
"100",9,304.996566579808,322.213586238749,0.01,1.10001779587763,0.05,"converged","OU1_12_OU1","OU1_12","OU1","OU1",4,"SCOUT_PPUPWTtS",256,-601.993133159616,-601.833770609815,0,0,0.839514914073607,0.851145864823573,"OU1",3.48723330000655,3.30924645221694
"101",9,305.3419433537,322.544489293198,0.01,1.1030842276755,0.05,"converged","OU1_12_OUM","OU1_12","OUM","OUM",6,"SCOUT_PPUPWTtS",256,-598.683886707399,-598.346537309809,3.30924645221694,3.48723330000655,0.160485085926393,0.148854135176427,"OU1",35.167287688586,35.3452745363757
"102",4,168.672548891727,237.329770183108,0.01,1e-10,0.05,"converged","OU1_12_BM1","OU1_12","BM1","BM1",3,"SCOUT_PPUPWTtS",256,-331.345097783454,-331.249859688216,270.648035376162,270.5839109216,1.42414518189297e-59,1.49091982958334e-59,"OU1",12.4306071784324,12.1884958760801
"103",26,-3.40851318059242,64.9918957034071,0.0179947038725803,1e-10,0.0858425156242591,"early_stop_oscillating","OU1_13_BM1","OU1_13","BM1","BM1",3,"SCOUT_PPUPWTtS",256,12.8170263611848,12.9122644564229,0,0,0.999999999947801,0.999999999951559,"OU1",7.5346944019605,7.29258309960824
"104",7,-26.7583274109962,-7.6698852521053,0.119387454842975,0.867775849392095,0.05,"converged","OU1_13_OU1","OU1_13","OU1","OU1",4,"SCOUT_PPUPWTtS",256,61.5166548219925,61.6760173717933,48.6996284608076,48.7637529153703,2.66078659764261e-11,2.57682897928363e-11,"OU1",0.255934656871723,0.0779478090821613
"105",6,-24.7973013155373,-5.74696882308915,0.119922022302785,0.860430162178237,0.0509135825895448,"converged","OU1_13_OUM","OU1_13","OUM","OUM",6,"SCOUT_PPUPWTtS",256,61.5946026310746,61.931952028665,48.7775762698898,49.019687572242,2.55908017667023e-11,2.26730576011603e-11,"OU1",9.96384442040062,9.96384442040062
"106",8,-424.856744168791,-405.496568114762,2.74462195875879,0.90572037732962,0.258669396999935,"converged","OU1_14_OUM","OU1_14","OUM","OUM",6,"SCOUT_PPUPWTtS",256,861.713488337581,862.050837735172,0,0,0.593324868540642,0.571686167010962,"OU1",0.577468000420708,0.75545484821032
"107",6,-427.234471592896,-407.913504508408,2.77874959213489,0.898221788779104,0.258796620194389,"converged","OU1_14_OU1","OU1_14","OU1","OU1",4,"SCOUT_PPUPWTtS",256,862.468943185792,862.628305735592,0.75545484821032,0.577468000420708,0.406675131459358,0.428313832989038,"OU1",0.985296727091395,0.807309879301783
"108",7,-469.973993258723,-399.166539391937,0.838401532808241,1e-10,0.266312275691528,"converged","OU1_14_BM1","OU1_14","BM1","BM1",3,"SCOUT_PPUPWTtS",256,945.947986517447,946.043224612685,84.2344981798656,83.9923868775132,3.03391688488239e-19,3.29945806047501e-19,"OU1",3.1695663605625,2.92745505821017
"109",6,-140.184003910869,-121.293108026512,0.307039940715845,0.913351466259464,0.0693999187061974,"converged","OU1_15_OU1","OU1_15","OU1","OU1",4,"SCOUT_PPUPWTtS",256,288.368007821738,288.527370371539,0,0,0.868670369799194,0.878494138617098,"OU1",0.993422620697231,0.815435772907676
"110",6,-140.073257219093,-121.18024808398,0.306776211748116,0.91345883968003,0.0694211924661094,"converged","OU1_15_OUM","OU1_15","OUM","OUM",6,"SCOUT_PPUPWTtS",256,292.146514438185,292.483863835776,3.77850661644698,3.95649346423653,0.131329630200791,0.121505861382886,"OU1",3.22405110140642,3.46616240375869
"111",10,-172.853441629289,-102.640283629307,0.0795449788786902,1e-10,0.0997088522844404,"converged","OU1_15_BM1","OU1_15","BM1","BM1",3,"SCOUT_PPUPWTtS",256,351.706883258577,351.802121353815,63.3388754368391,63.2747509822764,1.53106264957907e-14,1.59882625172971e-14,"OU1",7.94150564786287,7.94150564786287
"112",6,-340.256250797122,-321.83425487087,1.27707871011004,0.801381947952743,0.186425695616696,"converged","OU1_16_OU1","OU1_16","OU1","OU1",4,"SCOUT_PPUPWTtS",256,688.512501594244,688.671864144045,0,0,0.605034134351411,0.626089988685271,"OU1",1.03095791140083,0.852971063611221
"113",6,-338.682736328927,-320.18014897616,1.27142442486164,0.808498607521334,0.186107040510065,"converged","OU1_16_OUM","OU1_16","OUM","OUM",6,"SCOUT_PPUPWTtS",256,689.365472657855,689.702822055445,0.852971063611221,1.03095791140083,0.394965865633461,0.373910011298564,"OU1",0.42226713325897,0.600253981048581
"114",8,-365.668227482916,-294.893154573343,0.366810682147801,1e-10,0.196131528041656,"converged","OU1_16_BM1","OU1_16","BM1","BM1",3,"SCOUT_PPUPWTtS",256,737.336454965832,737.43169306107,48.8239533715878,48.7598289170251,1.51284038723302e-11,1.61649527969543e-11,"OU1",3.83930879924151,3.83930879924151
"115",10,165.578300953687,182.871790269591,0.0204100422716459,0.784966631407947,0.05,"converged","OU1_17_OUM","OU1_17","OUM","OUM",6,"SCOUT_PPUPWTtS",256,-319.156601907374,-318.819252509783,0,0,0.988685566087863,0.987645502678681,"OU1",6.40078607735705,6.64289737970932
"116",9,159.108003851744,176.048129414868,0.021253389945401,0.76144499379842,0.05,"converged","OU1_17_OU1","OU1_17","OU1","OU1",4,"SCOUT_PPUPWTtS",256,-310.216007703488,-310.056645153687,8.94059420388567,8.76260735609611,0.0113144339121369,0.012354497321319,"OU1",38.3173656673512,38.3173656673512
"117",4,117.476522702896,187.356543923913,0.01,1e-10,0.05,"converged","OU1_17_BM1","OU1_17","BM1","BM1",3,"SCOUT_PPUPWTtS",256,-228.953045405792,-228.857807310554,90.2035565015814,89.9614451992291,2.55625853588557e-20,2.88218247704961e-20,"OU1",15.7641273762723,15.7000029217096
"118",9,-77.0112959847175,-58.0434203740305,0.188539702839075,0.921192004242722,0.0519099046239547,"converged","OU1_18_OU1","OU1_18","OU1","OU1",4,"SCOUT_PPUPWTtS",256,162.022591969435,162.181954519236,0,0,0.761839710225231,0.777604770128092,"OU1",1.44208186181689,1.50620631637958
"119",22,-76.1742700552035,-57.2967294745388,0.188687778527969,0.925286720914355,0.0504862087843623,"converged","OU1_18_OUM","OU1_18","OUM","OUM",6,"SCOUT_PPUPWTtS",256,164.348540110407,164.685889507997,2.32594814097183,2.50393498876142,0.2381169903615,0.22234959448155,"OU1",5.14386677126458,5.14386677126458
"120",16,-87.7866483586815,-18.497206431915,0.038545563708996,1e-10,0.0906143308668152,"converged","OU1_18_BM1","OU1_18","BM1","BM1",3,"SCOUT_PPUPWTtS",256,181.573296717363,181.668534812601,19.5507047479279,19.4865802933652,4.32994132687875e-05,4.56353903580798e-05,"OU1",10.1791667532151,10.1150422986524
"121",7,-413.896539070265,-394.514455665603,2.5035339595033,0.906942968619814,0.251133969346938,"converged","OU1_19_OUM","OU1_19","OUM","OUM",6,"SCOUT_PPUPWTtS",256,839.793078140529,840.13042753812,0,0,0.651268994712671,0.630794903462215,"OU1",1.07125693753289,1.24924378532251
"122",6,-416.521160962926,-397.148821070384,2.55237253974375,0.904725737175008,0.251267749765975,"converged","OU1_19_OU1","OU1_19","OU1","OU1",4,"SCOUT_PPUPWTtS",256,841.042321925852,841.201684475652,1.24924378532251,1.07125693753289,0.348731005287329,0.369205096537785,"OU1",12.2530811220056,12.2530811220056
"123",7,-459.326180922459,-388.523825470729,0.769997692817916,1e-10,0.258175035367955,"converged","OU1_19_BM1","OU1_19","BM1","BM1",3,"SCOUT_PPUPWTtS",256,924.652361844918,924.747599940156,84.8592837043885,84.6171724020362,2.43669446871557e-19,2.66380636029686e-19,"OU1",9.59360464663212,9.5294801920694
"124",6,-272.825237089772,-253.640975820743,0.836364167031216,0.895075504520027,0.134812947308001,"converged","OU1_2_OU1","OU1_2","OU1","OU1",4,"SCOUT_PPUPWTtS",256,553.650474179545,553.809836729346,0,0,0.565541448637661,0.587266464142069,"OU1",0.705352932079563,0.527366084289952
"125",6,-271.088920131917,-251.811689572681,0.834990791545318,0.910178019993495,0.135055867919615,"converged","OU1_2_OUM","OU1_2","OUM","OUM",6,"SCOUT_PPUPWTtS",256,554.177840263835,554.515189661425,0.527366084289952,0.705352932079563,0.434458551362339,0.412733535857931,"OU1",4.17623890917014,4.41835021152247
"126",8,-312.016263337671,-241.332000316351,0.24189363614043,1e-10,0.15046623427978,"converged","OU1_2_BM1","OU1_2","BM1","BM1",3,"SCOUT_PPUPWTtS",256,630.032526675342,630.12776477058,76.3820524957966,76.3179280412339,1.46660270700622e-17,1.57256169172968e-17,"OU1",1.35286743685629,1.35286743685629
"127",8,-110.013484331306,-91.0672403987977,0.239316304103665,0.904632807485614,0.0625077445411191,"converged","OU1_20_OU1","OU1_20","OU1","OU1",4,"SCOUT_PPUPWTtS",256,228.026968662613,228.186331212414,0,0,0.683193997056712,0.702134425741483,"OU1",1.71496670514338,1.5369798573538
"128",7,-108.781974259983,-89.885299552232,0.237839848564573,0.906058984356396,0.0616882682420303,"converged","OU1_20_OUM","OU1_20","OUM","OUM",6,"SCOUT_PPUPWTtS",256,229.563948519967,229.901297917557,1.5369798573538,1.71496670514338,0.316805787136378,0.297865345242414,"OU1",1.24219975877924,1.48431106113151
"129",14,-125.981389670099,-56.1425436782912,0.0534652284286033,1e-10,0.0955341136414248,"converged","OU1_20_BM1","OU1_20","BM1","BM1",3,"SCOUT_PPUPWTtS",256,257.962779340198,258.058017435436,29.9358106775853,29.8716862230226,2.15806910517345e-07,2.29016103446113e-07,"OU1",10.2072614632762,9.97394481333555
"130",21,212.643815807132,229.521967650778,0.0126949576333736,0.784351524765425,0.05,"converged","OU1_21_OU1","OU1_21","OU1","OU1",4,"SCOUT_PPUPWTtS",256,-417.287631614264,-417.128269064463,0,0,0.869422686774215,0.879198006411697,"OU1",3.96971469401052,3.79172784622097
"131",22,212.747951884022,229.602436691128,0.0126756024765996,0.782678537086299,0.05,"converged","OU1_21_OUM","OU1_21","OUM","OUM",6,"SCOUT_PPUPWTtS",256,-413.495903768043,-413.158554370453,3.79172784622097,3.96971469401052,0.130577313225785,0.120801993588302,"OU1",69.6733929039287,69.6733929039287
"132",4,133.448814737641,202.9221415169,0.01,1e-10,0.05,"converged","OU1_21_BM1","OU1_21","BM1","BM1",3,"SCOUT_PPUPWTtS",256,-260.897629475283,-260.802391380045,156.390002138981,156.325877684418,9.54055175061039e-35,9.96216352292428e-35,"OU1",14.4914969599249,14.4914969599249
"133",9,-99.0667237553365,-80.2004541164409,0.211421505519576,0.871340668701365,0.0621630977794338,"converged","OU1_22_OU1","OU1_22","OU1","OU1",4,"SCOUT_PPUPWTtS",256,206.133447510673,206.292810060474,0,0,0.876732975650886,0.886032766171242,"OU1",4.1016861696838,3.92369932189422
"134",9,-99.0285734162836,-80.1636586348407,0.211548548946295,0.871966027196068,0.0620563060276096,"converged","OU1_22_OUM","OU1_22","OUM","OUM",6,"SCOUT_PPUPWTtS",256,210.057146832567,210.394496230158,3.92369932189422,4.1016861696838,0.123267009352899,0.113967218179688,"OU1",17.7918349822559,17.9698218300455
"135",10,-117.95063897141,-47.7590417951041,0.0510965623419129,1e-10,0.0891580900233051,"converged","OU1_22_BM1","OU1_22","BM1","BM1",3,"SCOUT_PPUPWTtS",256,241.901277942821,241.996516038059,35.7678304321477,35.703705977585,1.49962146585494e-08,1.56490701710025e-08,"OU1",0.0179608683685615,2.0526992786871
"136",6,-167.521183952142,-148.935894223513,0.350641549828717,0.84002059976632,0.0840604947305537,"converged","OU1_23_OU1","OU1_23","OU1","OU1",4,"SCOUT_PPUPWTtS",256,343.042367904284,343.201730454084,0,0,0.743076256769143,0.759695855781325,"OU1",2.3020255535601,2.12403870577054
"137",6,-166.583203305027,-147.986360976705,0.348879035533589,0.841971642015245,0.0839336347354609,"converged","OU1_23_OUM","OU1_23","OUM","OUM",6,"SCOUT_PPUPWTtS",256,345.166406610054,345.503756007644,2.12403870577054,2.3020255535601,0.256923742781883,0.240304143744704,"OU1",6.29836534617101,6.54047664852328
"138",9,-189.748285270828,-119.308051491641,0.0910169334430292,1e-10,0.107826813845078,"converged","OU1_23_BM1","OU1_23","BM1","BM1",3,"SCOUT_PPUPWTtS",256,385.496570541657,385.591808636895,42.4542026373732,42.3900781828105,4.48973197105061e-10,4.73970417288095e-10,"OU1",6.88641992837086,6.82229547380814
"139",6,-192.159433007732,-173.496533492039,0.425176364282276,0.84272981226475,0.0948316092243379,"converged","OU1_24_OU1","OU1_24","OU1","OU1",4,"SCOUT_PPUPWTtS",256,392.318866015465,392.478228565266,0,0,0.720305018600512,0.73787801370192,"OU1",2.06993705182987,1.89195020404031
"140",7,-191.105408109753,-172.396776666044,0.42408759484168,0.848672539564589,0.0946476248016354,"converged","OU1_24_OUM","OU1_24","OUM","OUM",6,"SCOUT_PPUPWTtS",256,394.210816219505,394.548165617096,1.89195020404031,2.06993705182987,0.279694981393068,0.262121986291289,"OU1",9.89967835225087,10.1417896546031
"141",9,-218.603022498474,-148.053697645656,0.114980089010716,1e-10,0.115830598874077,"converged","OU1_24_BM1","OU1_24","BM1","BM1",3,"SCOUT_PPUPWTtS",256,443.206044996948,443.301283092187,50.8871789814836,50.8230545269209,6.41956979576452e-12,6.79044917177135e-12,"OU1",8.55076307105338,8.48663861649067
"142",6,-222.157877737078,-202.990798238971,0.565474401207578,0.899604724508944,0.108807010644921,"converged","OU1_25_OU1","OU1_25","OU1","OU1",4,"SCOUT_PPUPWTtS",256,452.315755474157,452.475118023958,0,0,0.803308953332972,0.816991876035169,"OU1",0.355871654565192,0.177884806775637
"143",6,-221.564982919234,-202.393949774924,0.563595619560822,0.901075420415547,0.108710459006747,"converged","OU1_25_OUM","OU1_25","OUM","OUM",6,"SCOUT_PPUPWTtS",256,455.129965838468,455.467315236059,2.81421036431175,2.9921972121013,0.196691046667028,0.18300812396483,"OU1",4.36401823262003,0.111836092657541
"144",8,-259.881037648448,-189.242229556249,0.160581144372924,1e-10,0.126546283341836,"converged","OU1_25_BM1","OU1_25","BM1","BM1",3,"SCOUT_PPUPWTtS",256,525.762075296896,525.857313392134,73.4463198227396,73.3821953681769,9.04100896505554e-17,9.49459575633234e-17,"OU1",0.228222210162926,0.16409775560021
"145",6,-184.14192760643,-164.707649679757,0.426124396668596,0.930659240764978,0.0969127518289798,"converged","OU1_26_OU1","OU1_26","OU1","OU1",4,"SCOUT_PPUPWTtS",256,376.28385521286,376.443217762661,0,0,0.880656840837633,0.889697843812782,"OU1",4.17531685858404,3.99733001079449
"146",6,-184.140592611827,-164.710089984343,0.426114298546666,0.930322419642611,0.096826167291555,"converged","OU1_26_OUM","OU1_26","OUM","OUM",6,"SCOUT_PPUPWTtS",256,380.281185223654,380.618534621245,3.99733001079449,4.17531685858404,0.119343159162367,0.110302156187218,"OU1",4.97327401565013,5.2153853180024
"147",9,-223.447145468089,-152.937369005715,0.119841328843564,1e-10,0.113883546126552,"converged","OU1_26_BM1","OU1_26","BM1","BM1",3,"SCOUT_PPUPWTtS",256,452.894290936179,452.989529031417,76.6104357233187,76.546311268756,2.03733275503791e-17,2.12530978151333e-17,"OU1",2.34751099494747,2.23567490228993
"148",5,-221.84634180672,-202.894729046962,0.55106804720849,0.872034192018277,0.108129543328608,"converged","OU1_27_OU1","OU1_27","OU1","OU1",4,"SCOUT_PPUPWTtS",256,451.692683613439,451.85204616324,0,0,0.598802579508084,0.619981984049908,"OU1",0.623071860717573,0.623071860717573
"149",7,-220.246820140466,-201.21329857021,0.54959906646317,0.883449192521518,0.108139661322322,"converged","OU1_27_OUM","OU1_27","OUM","OUM",6,"SCOUT_PPUPWTtS",256,452.493640280932,452.830989678523,0.80095666749321,0.978943515282765,0.401197420491906,0.380018015950081,"OU1",0.158539352893911,0.400650655246181
"150",8,-254.594102593023,-183.977025518984,0.153430671648072,1e-10,0.127043384926414,"converged","OU1_27_BM1","OU1_27","BM1","BM1",3,"SCOUT_PPUPWTtS",256,515.188205186047,515.283443281285,63.4955215726075,63.4313971180449,9.75902297073607e-15,1.04334081161983e-14,"OU1",10.5738701108496,10.5738701108497
"151",6,-244.633468359568,-225.941071780135,0.64343603116261,0.844668882653002,0.118451885083491,"converged","OU1_28_OU1","OU1_28","OU1","OU1",4,"SCOUT_PPUPWTtS",256,497.266936719135,497.426299268936,0,0,0.826906152740007,0.839275960743705,"OU1",0.516551477104144,0.58067593166686
"152",6,-244.197325651873,-225.473295908806,0.642415603726213,0.847283424304973,0.118593555088269,"converged","OU1_28_OUM","OU1_28","OUM","OUM",6,"SCOUT_PPUPWTtS",256,500.394651303747,500.732000701337,3.12771458461179,3.30570143240135,0.173093847259953,0.160724039256254,"OU1",5.25030261663068,5.49241391898295
"153",8,-276.298095237679,-205.594312771943,0.182907108229648,1e-10,0.135899338599378,"converged","OU1_28_BM1","OU1_28","BM1","BM1",3,"SCOUT_PPUPWTtS",256,558.596190475357,558.691428570595,61.3292537562222,61.2651293016595,3.98086986417698e-14,4.1720642643734e-14,"OU1",0.354440278835,0.290315824272284
"154",6,-463.494569714436,-444.105707264997,3.73000015900614,0.909352407392272,0.297433349027471,"converged","OU1_29_OU1","OU1_29","OU1","OU1",4,"SCOUT_PPUPWTtS",256,934.989139428872,935.148501978673,0,0,0.848227580470629,0.859332894357481,"OU1",3.61952047590682,3.44153362811721
"155",7,-463.215336528495,-443.823666979231,3.7229846000245,0.90991358321781,0.297430645080674,"converged","OU1_29_OUM","OU1_29","OUM","OUM",6,"SCOUT_PPUPWTtS",256,938.430673056989,938.76802245458,3.44153362811721,3.61952047590682,0.151772419529371,0.140667105642519,"OU1",1.22271654627764,1.46482784862997
"156",7,-509.677065568526,-438.86341822474,1.14488465310904,1e-10,0.304216618289105,"converged","OU1_29_BM1","OU1_29","BM1","BM1",3,"SCOUT_PPUPWTtS",256,1025.35413113705,1025.44936923229,90.3649917081802,90.3008672536178,2.02303670080144e-20,2.11630012105975e-20,"OU1",1.06460709354337,0.822495791191386
"157",6,-307.552257458493,-288.288299282314,1.0986555538834,0.900714486038468,0.15790301396519,"converged","OU1_3_OU1","OU1_3","OU1","OU1",4,"SCOUT_PPUPWTtS",256,623.104514916986,623.263877466786,0,0,0.839612601705592,0.851237727209721,"OU1",2.90359594410052,2.96772039866323
"158",6,-307.207605927408,-287.923870688135,1.09723434902908,0.903244640393613,0.158076433504517,"converged","OU1_3_OUM","OU1_3","OUM","OUM",6,"SCOUT_PPUPWTtS",256,626.415211854815,626.752561252406,3.31069693782956,3.48868378561917,0.160387398294408,0.148762272790279,"OU1",1.47357744804606,1.71568875039839
"159",8,-348.741235716267,-277.992503728742,0.32396097370278,1e-10,0.170466987148143,"converged","OU1_3_BM1","OU1_3","BM1","BM1",3,"SCOUT_PPUPWTtS",256,703.482471432534,703.577709527772,80.3779565155486,80.3138320609859,2.95275529912242e-18,3.0911766286587e-18,"OU1",11.0839799703189,11.0839799703189
"160",6,-427.004739396025,-407.830707103699,2.69681898006137,0.874586472573521,0.266392350572044,"converged","OU1_30_OUM","OU1_30","OUM","OUM",6,"SCOUT_PPUPWTtS",256,866.009478792051,866.346828189641,0,0,0.738437748385415,0.720888084173232,"OU1",1.89774213758176,2.07572898537137
"161",6,-430.042603888711,-410.968278015626,2.72922909329745,0.861360984432809,0.266590744069383,"converged","OU1_30_OU1","OU1_30","OU1","OU1",4,"SCOUT_PPUPWTtS",256,868.085207777422,868.244570327223,2.07572898537137,1.89774213758176,0.261562251614585,0.279111915826768,"OU1",1.32634287532233,1.14835602753271
"162",7,-466.94775045281,-396.132707865085,0.817257648498371,1e-10,0.273035549469711,"converged","OU1_30_BM1","OU1_30","BM1","BM1",3,"SCOUT_PPUPWTtS",256,939.895500905619,939.990739000857,73.8860221135683,73.643910811216,6.67064828181447e-17,7.35014321805494e-17,"OU1",5.6540934835316,5.6540934835316
"163",9,285.669306085512,303.291160063743,0.01,0.994383515427811,0.05,"converged","OU1_4_OU1","OU1_4","OU1","OU1",4,"SCOUT_PPUPWTtS",256,-563.338612171023,-563.179249621223,0,0,0.817061912594179,0.829990582375147,"OU1",3.17112104176238,2.99313419397276
"164",9,286.172738988525,303.795388583575,0.01,0.99923551779735,0.05,"converged","OU1_4_OUM","OU1_4","OUM","OUM",6,"SCOUT_PPUPWTtS",256,-560.345477977051,-560.00812857946,2.99313419397276,3.17112104176238,0.182938087405821,0.170009417624853,"OU1",140.371180108345,140.371180108345
"165",4,159.256852263832,228.079516827997,0.01,1e-10,0.05,"converged","OU1_4_BM1","OU1_4","BM1","BM1",3,"SCOUT_PPUPWTtS",256,-312.513704527664,-312.418466432426,250.824907643359,250.760783188796,2.79459134442308e-55,2.9313046456634e-55,"OU1",2.36182127873906,2.29769682417634
"166",7,-454.83253869024,-435.554506105813,3.44317095836382,0.891857163528265,0.286945025863575,"converged","OU1_5_OU1","OU1_5","OU1","OU1",4,"SCOUT_PPUPWTtS",256,917.665077380479,917.82443993028,0,0,0.510269023109237,0.532473050348431,"OU1",0.26015058649557,0.0821637387059582
"167",7,-452.873620559593,-433.552356378383,3.41264314607197,0.899480502695543,0.286838308560809,"converged","OU1_5_OUM","OU1_5","OUM","OUM",6,"SCOUT_PPUPWTtS",256,917.747241119185,918.084590516776,0.0821637387059582,0.26015058649557,0.489730976890763,0.467526949651569,"OU1",4.74356566529559,4.98567696764792
"168",7,-499.204584459739,-428.394301956542,1.05355604842589,1e-10,0.294543643151193,"converged","OU1_5_BM1","OU1_5","BM1","BM1",3,"SCOUT_PPUPWTtS",256,1004.40916891948,1004.50440701472,86.7440915389996,86.6799670844368,7.43976226222712e-20,8.01644715269791e-20,"OU1",1.16163198790002,1.09750753333731
"169",11,-74.1279920568858,-55.5455758797197,0.177272285929503,0.870997869033826,0.0500005986761479,"converged","OU1_6_OU1","OU1_6","OU1","OU1",4,"SCOUT_PPUPWTtS",256,156.255984113772,156.415346663572,0,0,0.801184219370999,0.812925893747176,"OU1",3.18989515582356,3.01190830803398
"170",9,-73.6339462109028,-55.0484473088414,0.176631571311699,0.871411307977372,0.05,"converged","OU1_6_OUM","OU1_6","OUM","OUM",6,"SCOUT_PPUPWTtS",256,159.267892421806,159.605241819396,3.01190830803398,3.18989515582356,0.177707111372558,0.164958244110825,"OU1",2.57671269983999,2.75469954762957
"171",14,-78.7643991429073,-9.36026112656234,0.0358740371544703,1e-10,0.0889342137729892,"converged","OU1_6_BM1","OU1_6","BM1","BM1",3,"SCOUT_PPUPWTtS",256,163.528798285815,163.624036381053,7.27281417204313,7.20868971748044,0.0211086692564422,0.0221158621419992,"OU1",1.06185312694453,0.819741824592256
"172",6,-443.388909318151,-423.84757908914,3.29081659061509,0.948132537062018,0.275534834054803,"converged","OU1_7_OU1","OU1_7","OU1","OU1",4,"SCOUT_PPUPWTtS",256,894.777818636302,894.937181186103,0,0,0.771477604638327,0.786787159929228,"OU1",1.02421344011884,1.02421344011884
"173",6,-442.605582745329,-423.064867495814,3.27397487759797,0.948772505614304,0.275400823107926,"converged","OU1_7_OUM","OU1_7","OUM","OUM",6,"SCOUT_PPUPWTtS",256,897.211165490659,897.548514888249,2.43334685435639,2.611333702146,0.228522395361673,0.213212840070772,"OU1",2.52185284639211,2.76396414874444
"174",7,-494.443886551292,-423.63860283829,1.01656881329396,1e-10,0.282782810136402,"converged","OU1_7_BM1","OU1_7","BM1","BM1",3,"SCOUT_PPUPWTtS",256,994.887773102585,994.983011197823,100.109954466282,100.04583001172,1.40838995602034e-22,1.48313713177938e-22,"OU1",0.356508140325559,0.114396837973231
"175",7,-115.915903627472,-96.7361930949353,0.244238261221988,0.896560460539894,0.0710965091039681,"converged","OU1_8_OU1","OU1_8","OU1","OU1",4,"SCOUT_PPUPWTtS",256,239.831807254944,239.991169804745,0,0,0.715583814703285,0.73334362708716,"OU1",2.00534623331365,1.84532025389262
"176",8,-114.838563754418,-95.5815595211538,0.244145697939206,0.907549353111945,0.0714961332228068,"converged","OU1_8_OUM","OU1_8","OUM","OUM",6,"SCOUT_PPUPWTtS",256,241.677127508837,242.014476906427,1.84532025389262,2.02330710168221,0.284416185296163,0.266656372912255,"OU1",2.09886286488123,0.224150433983709
"177",10,-144.806338420972,-74.4903815059092,0.0637500251582938,1e-10,0.0935560726676669,"converged","OU1_8_BM1","OU1_8","BM1","BM1",3,"SCOUT_PPUPWTtS",256,295.612676841944,295.707914937182,55.7808695869996,55.7167451324369,5.52075634553163e-13,5.84211419628667e-13,"OU1",20.356623212919,20.2924987583563
"178",6,-507.709593999665,-488.448228294751,5.12018348521345,0.885090305488103,0.36192390412234,"converged","OU1_9_OU1","OU1_9","OU1","OU1",4,"SCOUT_PPUPWTtS",256,1023.41918799933,1023.57855054913,0,0,0.798785261887597,0.812709507401412,"OU1",0.0551175801497266,1.93494313772248
"179",8,-507.088313464122,-487.801500224709,5.11049855740815,0.888956503360773,0.36194298283657,"converged","OU1_9_OUM","OU1_9","OUM","OUM",6,"SCOUT_PPUPWTtS",256,1026.17662692824,1026.51397632583,2.75743892891387,2.93542577670337,0.201214738112403,0.187290492598588,"OU1",11.8008790567148,11.8008790567148
"180",7,-549.153474947043,-478.326921618972,1.55679054700796,1e-10,0.366852686006197,"converged","OU1_9_BM1","OU1_9","BM1","BM1",3,"SCOUT_PPUPWTtS",256,1104.30694989409,1104.40218798932,80.8877618947554,80.8236374401927,2.17708668188926e-18,2.2872069737214e-18,"OU1",58.8298570556774,58.8298570556774
"181",6,-227.754244609608,-208.651337828273,0.572704100214463,0.880453016727441,0.121065718600758,"converged","OUM_1_OUM","OUM_1","OUM","OUM",6,"SCOUT_PPUPWTtS",256,467.508489219215,467.845838616805,0,0,0.999947059074331,0.999942131963912,"OUM",0.307518789009691,0.307518789009691
"182",6,-239.600525543358,-220.806942635139,0.607646510790347,0.840604938593541,0.121660646035293,"converged","OUM_1_OU1","OUM_1","OU1","OU1",4,"SCOUT_PPUPWTtS",256,487.201051086716,487.360413636517,19.6925618675014,19.5145750197118,5.29409256686277e-05,5.78680360882624e-05,"OUM",1.26284120281139,1.26284120281139
"183",8,-268.052511747668,-197.386887665692,0.170163949685539,1e-10,0.136827383019499,"converged","OUM_1_BM1","OUM_1","BM1","BM1",3,"SCOUT_PPUPWTtS",256,542.105023495336,542.200261590574,74.5965342761206,74.3544229737683,6.3320655903151e-17,7.14688948012024e-17,"OUM",0.730479548723906,0.66635509416119
"184",7,-239.388520812867,-219.862351680566,0.642150230378394,0.948661445651426,0.150117864890697,"converged","OUM_10_OUM","OUM_10","OUM","OUM",6,"SCOUT_PPUPWTtS",256,490.777041625733,491.114391023324,0,0,1,1,"OUM",2.71168014959767,2.95379145194994
"185",6,-280.390214149361,-261.371976490438,0.829759696498814,0.853465815594233,0.152016473466065,"converged","OUM_10_OU1","OUM_10","OU1","OU1",4,"SCOUT_PPUPWTtS",256,568.780428298722,568.939790848523,78.0033866729887,77.8253998251991,1.15286856908601e-17,1.26017004511647e-17,"OUM",3.80660314369925,3.87072759826196
"186",8,-310.036117657824,-239.294643845099,0.236974903661613,1e-10,0.160675450357868,"converged","OUM_10_BM1","OUM_10","BM1","BM1",3,"SCOUT_PPUPWTtS",256,626.072235315649,626.167473410887,135.295193689916,135.053082387563,4.17851510281542e-30,4.7162386986681e-30,"OUM",0.585087841518657,0.34297653916633
"187",19,-4.05480473039654,13.3902131873685,0.0981589139745637,0.980288342239979,0.0870118198081328,"converged","OUM_11_OUM","OUM_11","OUM","OUM",6,"SCOUT_PPUPWTtS",256,20.1096094607931,20.4469588583834,0,0,1,1,"OUM",41.2290585134098,41.4070453611994
"188",6,-136.525245447302,-65.7007514087266,0.0591928554137042,1e-10,0.113577168508624,"converged","OUM_11_BM1","OUM_11","BM1","BM1",3,"SCOUT_PPUPWTtS",256,279.050490894604,279.145728989842,258.940881433811,258.698770131459,5.91155898189644e-57,6.67230404913307e-57,"OUM",1.68424438552256,1.62011993095985
"189",6,-161.999888033912,-160.061413677088,0.174421526933698,0.382718965535725,0.109015900922251,"converged","OUM_11_OU1","OUM_11","OU1","OU1",4,"SCOUT_PPUPWTtS",256,331.999776067825,332.159138617625,311.890166607031,311.712179759242,1.87893104130409e-68,2.05380966970769e-68,"OUM",8.95151679911623,9.01564125367895
"190",27,28.1484583695909,44.3583284567693,0.0882938658977525,1.03943490901561,0.0507705914862895,"converged","OUM_12_OUM","OUM_12","OUM","OUM",6,"SCOUT_PPUPWTtS",256,-44.2969167391818,-43.9595673415915,0,0,1,1,"OUM",54.1803066887151,54.1803066887151
"191",6,-68.8181066625549,1.95715457469785,0.0354707040087155,1e-10,0.0820493664981628,"converged","OUM_12_BM1","OUM_12","BM1","BM1",3,"SCOUT_PPUPWTtS",256,143.63621332511,143.731451420348,187.933130064292,187.691018761939,1.55181277622738e-41,1.7515120295724e-41,"OUM",12.6838952432244,12.6197707886618
"192",7,-91.8441695080077,-89.1760329566268,0.10339051252593,0.392789250718221,0.0779482336183719,"converged","OUM_12_OU1","OUM_12","OU1","OU1",4,"SCOUT_PPUPWTtS",256,191.688339016015,191.847701565816,235.985255755197,235.807268907408,5.70759051407664e-52,6.23881575792504e-52,"OUM",6.22466745531969,6.04668060753011
"193",8,-135.446547490371,-116.386536662402,0.288738379892118,0.90997933726812,0.0797811147655757,"converged","OUM_13_OUM","OUM_13","OUM","OUM",6,"SCOUT_PPUPWTtS",256,282.893094980742,283.230444378333,0,0,0.999999952164373,0.999999947712137,"OUM",5.29692599320623,5.47491284099578
"194",7,-154.302047281989,-136.217176765179,0.300299542510889,0.793070232100331,0.0811704114494398,"converged","OUM_13_OU1","OUM_13","OU1","OU1",4,"SCOUT_PPUPWTtS",256,316.604094563977,316.763457113778,33.7109995832348,33.5330127354452,4.78354022157483e-08,5.22876087668782e-08,"OUM",5.41613625977971,5.41613625977971
"195",10,-167.568433486053,-97.2213200508714,0.0755418224749659,1e-10,0.105584268647693,"converged","OUM_13_BM1","OUM_13","BM1","BM1",3,"SCOUT_PPUPWTtS",256,341.136866972106,341.232105067344,58.243771991363,58.0016606890107,2.25177808788261e-13,2.54155427234113e-13,"OUM",0.971899983374669,0.907775528811953
"196",7,-428.616781902477,-409.421312091393,2.71167831080278,0.877142034584127,0.284473573902403,"converged","OUM_14_OUM","OUM_14","OUM","OUM",6,"SCOUT_PPUPWTtS",256,869.233563804955,869.570913202545,0,0,0.999998298900646,0.999998140573723,"OUM",7.25980774331686,7.25980774331686
"197",6,-443.901016038211,-425.053860503869,2.95696430955006,0.835782867004293,0.284941119980595,"converged","OUM_14_OU1","OUM_14","OU1","OU1",4,"SCOUT_PPUPWTtS",256,895.802032076421,895.961394626222,26.5684682714661,26.3904814236765,1.70109935442757e-06,1.85942627659126e-06,"OUM",1.58712026202716,1.40913341423754
"198",7,-472.293053969022,-401.478860769365,0.846688415864643,1e-10,0.290994056132113,"converged","OUM_14_BM1","OUM_14","BM1","BM1",3,"SCOUT_PPUPWTtS",256,950.586107938045,950.681346033283,81.3525441330895,81.1104328307372,2.16032334282969e-18,2.43833004961314e-18,"OUM",0.0273391543568096,0.0273391543568096
"199",10,-78.7462034408358,-60.181766251763,0.189033298335093,1.07777337534298,0.113132289259707,"converged","OUM_15_OUM","OUM_15","OUM","OUM",6,"SCOUT_PPUPWTtS",256,169.492406881672,169.829756279262,0,0,1,1,"OUM",11.8387785333392,12.0808898356914
"200",8,-218.389039798541,-147.632623045343,0.112572160853634,1e-10,0.138008229330681,"converged","OUM_15_BM1","OUM_15","BM1","BM1",3,"SCOUT_PPUPWTtS",256,442.778079597081,442.873317692319,273.28567271541,273.043561413058,4.53701461486204e-60,5.12087269676678e-60,"OUM",0.427965399867162,0.427965399867162
"201",7,-225.835985459439,-212.324053806851,0.399514072401051,0.588374998556485,0.12778471339476,"converged","OUM_15_OU1","OUM_15","OU1","OU1",4,"SCOUT_PPUPWTtS",256,459.671970918878,459.831333468679,290.179564037207,290.001577189417,9.73437984370812e-64,1.06403923359209e-63,"OUM",3.95130207679279,3.81047761904847
"202",9,-325.648962048626,-306.314246801091,1.23402909218905,0.906361634390657,0.203719792547253,"converged","OUM_16_OUM","OUM_16","OUM","OUM",6,"SCOUT_PPUPWTtS",256,663.297924097252,663.635273494842,0,0,0.999999999999857,0.999999999999844,"OUM",6.09523332572223,6.27322017351185
"203",6,-357.227549448579,-338.803114150054,1.44194512552437,0.799376090864398,0.205745858152109,"converged","OUM_16_OU1","OUM_16","OU1","OU1",4,"SCOUT_PPUPWTtS",256,722.455098897158,722.614461446958,59.157174799906,58.9791879521164,1.42620747952212e-13,1.55894955592356e-13,"OUM",2.38532101364842,2.20733416585881
"204",8,-383.815612667011,-313.028219166812,0.422089029013982,1e-10,0.21353879917761,"converged","OUM_16_BM1","OUM_16","BM1","BM1",3,"SCOUT_PPUPWTtS",256,773.631225334022,773.72646342926,110.33330123677,110.091189934418,1.10008958068165e-24,1.24165760437641e-24,"OUM",7.07106139856114,7.00693694399843
"205",15,215.987148934353,234.680841545437,0.0134413619680688,0.879388918872916,0.05,"converged","OUM_17_OUM","OUM_17","OUM","OUM",6,"SCOUT_PPUPWTtS",256,-419.974297868706,-419.636948471116,0,0,1,1,"OUM",2.50867940665256,2.68666625444212
"206",9,110.626521242041,127.303583643149,0.0317138176195751,0.723109148099237,0.05,"converged","OUM_17_OU1","OUM_17","OU1","OU1",4,"SCOUT_PPUPWTtS",256,-213.253042484083,-213.093679934282,206.721255384623,206.543268536834,1.29136718750561e-45,1.4115592102845e-45,"OUM",4.1772725238302,4.1772725238302
"207",11,107.052684680272,177.351724720171,0.01,1e-10,0.05,"early_stop_oscillating","OUM_17_BM1","OUM_17","BM1","BM1",3,"SCOUT_PPUPWTtS",256,-208.105369360544,-208.010131265306,211.868928508162,211.62681720581,9.84570300287435e-47,1.11127241077724e-46,"OUM",2.03772869417497,1.7956173918227
"208",12,-29.7792235257376,-11.2892709532611,0.13214633248087,0.988330689843558,0.0633130604606594,"converged","OUM_18_OUM","OUM_18","OUM","OUM",6,"SCOUT_PPUPWTtS",256,71.5584470514752,71.8957964490656,0,0,1,1,"OUM",27.6015371883996,27.6015371883996
"209",7,-112.524129790549,-41.8838882899879,0.0489701289652895,1e-10,0.0933938970139798,"converged","OUM_18_BM1","OUM_18","BM1","BM1",3,"SCOUT_PPUPWTtS",256,231.048259581098,231.143497676336,159.489812529623,159.247701227271,2.32930977545214e-35,2.6290633475924e-35,"OUM",8.84767212840902,8.78354767384633
"210",11,-117.976988610754,-101.706041244477,0.19400662855785,0.681487170219241,0.0802827731261333,"converged","OUM_18_OU1","OUM_18","OU1","OU1",4,"SCOUT_PPUPWTtS",256,243.953977221508,244.113339771309,172.395530170033,172.217543322243,3.67101594774984e-38,4.01269013359151e-38,"OUM",3.89273411540719,3.95685856996988
"211",7,-405.42519161969,-386.129015325862,2.27715186471228,0.894706858913666,0.280961246626641,"converged","OUM_19_OUM","OUM_19","OUM","OUM",6,"SCOUT_PPUPWTtS",256,822.850383239379,823.18773263697,0,0,0.999999999999881,0.99999999999987,"OUM",5.23642161858015,5.47853292093248
"212",6,-437.183293627091,-419.281413331252,2.59437008716818,0.762502214865768,0.282326901703251,"converged","OUM_19_OU1","OUM_19","OU1","OU1",4,"SCOUT_PPUPWTtS",256,882.366587254182,882.525949803983,59.5162040148025,59.3382171670129,1.1918469962112e-13,1.30277632963673e-13,"OUM",4.51273091800272,4.51273091800272
"213",8,-458.366459043417,-387.554513920773,0.754663489211158,1e-10,0.288432806576591,"converged","OUM_19_BM1","OUM_19","BM1","BM1",3,"SCOUT_PPUPWTtS",256,922.732918086833,922.828156182071,99.8825348474538,99.6404235451015,2.04542301650884e-22,2.30864384793197e-22,"OUM",1.91944375808441,1.91944375808441
"214",7,-277.808093792076,-259.120707632471,0.813379142941754,0.832542657808677,0.146022676557781,"converged","OUM_2_OUM","OUM_2","OUM","OUM",6,"SCOUT_PPUPWTtS",256,567.616187584153,567.953536981743,0,0,0.998218237403964,0.998052725505675,"OUM",0.986253866779521,1.16424071456913
"215",6,-286.136462622427,-267.736120949347,0.845967350171209,0.80500689822939,0.146705143059811,"converged","OUM_2_OU1","OUM_2","OU1","OU1",4,"SCOUT_PPUPWTtS",256,580.272925244853,580.432287794654,12.6567376607004,12.4787508129108,0.0017817625959641,0.00194727449424308,"OUM",8.37183544135644,8.19384859356683
"216",8,-311.065450302607,-240.350775590303,0.238384422687095,1e-10,0.160637855391611,"converged","OUM_2_BM1","OUM_2","BM1","BM1",3,"SCOUT_PPUPWTtS",256,628.130900605214,628.226138700452,60.5147130210607,60.2726017187084,7.22141877305473e-14,8.14937526459924e-14,"OUM",1.90162607012803,1.90162607012803
"217",10,-92.8675098117727,-74.7396546151731,0.194676268464475,0.842731197110812,0.0699137729092603,"converged","OUM_20_OUM","OUM_20","OUM","OUM",6,"SCOUT_PPUPWTtS",256,197.735019623545,198.072369021136,0,0,0.999999999999419,0.999999999999344,"OUM",8.220441039338,8.39842788712758
"218",7,-124.042041625494,-53.3111267401826,0.0542090593413581,1e-10,0.0942692855128255,"converged","OUM_20_BM1","OUM_20","BM1","BM1",3,"SCOUT_PPUPWTtS",256,254.084083250989,254.179321346227,56.3490636274432,56.106952325091,5.80705986357105e-13,6.55435717717062e-13,"OUM",1.13244610410476,0.890334801752488
"219",7,-130.052958174456,-115.354646021031,0.204596128005665,0.631708752582251,0.0771401410727126,"converged","OUM_20_OU1","OUM_20","OU1","OU1",4,"SCOUT_PPUPWTtS",256,268.105916348911,268.265278898712,70.370896725366,70.1929098775765,5.23786056176832e-16,5.72536640986742e-16,"OUM",0.00879465241160915,10.9445745456924
"220",14,-43.5799921199374,-26.2026724157289,0.155304816494906,1.02737125139148,0.0626990420186598,"converged","OUM_21_OUM","OUM_21","OUM","OUM",6,"SCOUT_PPUPWTtS",256,99.1599842398748,99.4973336374652,0,0,1,1,"OUM",44.2341177828827,44.476229085235
"221",7,-120.955417895739,-50.2529794028785,0.0520480797848555,1e-10,0.0997247490605934,"converged","OUM_21_BM1","OUM_21","BM1","BM1",3,"SCOUT_PPUPWTtS",256,247.910835791478,248.006073886716,148.750851551603,148.508740249251,5.00222239659824e-33,5.64594700885135e-33,"OUM",5.12301222602702,4.88090092367474
"222",7,-136.335305412782,-123.973009514615,0.194654753623012,0.562832515318964,0.0827416508268673,"converged","OUM_21_OU1","OUM_21","OU1","OU1",4,"SCOUT_PPUPWTtS",256,280.670610825564,280.829973375364,181.510626585689,181.332639737899,3.85006652325281e-40,4.20840556712838e-40,"OUM",2.40047100296835,2.22248415517879
"223",7,-121.487209026371,-102.744819763029,0.261968378444495,0.918358422719586,0.0770599561186828,"converged","OUM_22_OUM","OUM_22","OUM","OUM",6,"SCOUT_PPUPWTtS",256,254.974418052741,255.311767450332,0,0,0.999999999999997,0.999999999999997,"OUM",2.74624998510453,2.98836128745683
"224",7,-157.010115411878,-139.228506020487,0.298106678752265,0.769545312567032,0.0839803882515102,"converged","OUM_22_OU1","OUM_22","OU1","OU1",4,"SCOUT_PPUPWTtS",256,322.020230823757,322.179593373558,67.0458127710158,66.8678259232262,2.76176511408427e-15,3.01881217143068e-15,"OUM",7.0847399309431,7.14886438550582
"225",9,-167.507708660752,-96.9951526170951,0.0760056645193622,1e-10,0.105184205214121,"converged","OUM_22_BM1","OUM_22","BM1","BM1",3,"SCOUT_PPUPWTtS",256,341.015417321503,341.110655416742,86.0409992687623,85.79888796641,2.07221302935112e-19,2.33888140653727e-19,"OUM",0.121449650602017,0.121449650602017
"226",7,-138.591721797323,-119.452258026503,0.308038866433034,0.966025989382967,0.0879856827976839,"converged","OUM_23_OUM","OUM_23","OUM","OUM",6,"SCOUT_PPUPWTtS",256,289.183443594646,289.520792992236,0,0,1,1,"OUM",2.9630708435393,2.9630708435393
"227",6,-177.239224878531,-158.377079916631,0.374318874935935,0.847143001378856,0.0949204920741038,"converged","OUM_23_OU1","OUM_23","OU1","OU1",4,"SCOUT_PPUPWTtS",256,362.478449757062,362.637812306862,73.2950061624156,73.117019314626,1.21392438722323e-16,1.32690853999764e-16,"OUM",0.070604802033472,0.134729256596188
"228",9,-199.176302937054,-128.613799847181,0.0983326863841297,1e-10,0.112040604834352,"converged","OUM_23_BM1","OUM_23","BM1","BM1",3,"SCOUT_PPUPWTtS",256,404.352605874108,404.447843969346,115.169162279462,114.92705097711,9.8024394494548e-26,1.10638930661565e-25,"OUM",8.75190118946466,8.68777673490195
"229",9,-127.968362076767,-109.27700333825,0.283783862798248,0.936794106620789,0.072105328502017,"converged","OUM_24_OUM","OUM_24","OUM","OUM",6,"SCOUT_PPUPWTtS",256,267.936724153534,268.274073551124,0,0,0.999999999961648,0.999999999958079,"OUM",10.8716554387181,0.169192195377946
"230",5,-153.95258780015,-135.323664530362,0.320388383110212,0.852793262248249,0.0778033680565426,"converged","OUM_24_OU1","OUM_24","OU1","OU1",4,"SCOUT_PPUPWTtS",256,315.9051756003,316.064538150101,47.9684514467667,47.7904645989772,3.83515671930197e-11,4.19210805599964e-11,"OUM",0.698918963676988,0.698918963676988
"231",9,-178.306589506829,-107.87744442886,0.0833291889669944,1e-10,0.102978620846433,"converged","OUM_24_BM1","OUM_24","BM1","BM1",3,"SCOUT_PPUPWTtS",256,362.613179013658,362.708417108896,94.6764548601242,94.4343435577719,2.76228855510094e-21,3.11776118067175e-21,"OUM",9.70064056038154,9.70064056038154
"232",6,-225.741224268963,-206.831588764618,0.566168458689721,0.868299756875401,0.110635811074506,"converged","OUM_25_OUM","OUM_25","OUM","OUM",6,"SCOUT_PPUPWTtS",256,463.482448537927,463.819797935517,0,0,0.551448613747485,0.529349219126457,"OUM",0.235063973004969,0.204948912307032
"233",6,-227.947749679361,-209.024573044305,0.575253687203912,0.867265251844954,0.111076535928125,"converged","OUM_25_OU1","OUM_25","OU1","OU1",4,"SCOUT_PPUPWTtS",256,463.895499358721,464.054861908522,0.413050820794524,0.235063973004969,0.44855138625251,0.470650780873537,"OUM",3.79097670828361,3.61298986049405
"234",8,-261.016055355347,-190.363382931387,0.16178936516362,1e-10,0.129049209619596,"converged","OUM_25_BM1","OUM_25","BM1","BM1",3,"SCOUT_PPUPWTtS",256,528.032110710694,528.127348805932,64.5496621727675,64.3075508704152,5.30547172245292e-15,5.74824185872362e-15,"OUM",0.908696102895647,0.844571648332931
"235",7,-203.460925855194,-184.181039847044,0.498220757243882,0.927485000567502,0.105450761202348,"converged","OUM_26_OUM","OUM_26","OUM","OUM",6,"SCOUT_PPUPWTtS",256,418.921851710389,419.259201107979,0,0,0.999968808957567,0.999965905998049,"OUM",2.90508985179184,3.0830766995814
"236",6,-215.836274269528,-196.92530692124,0.51999708625315,0.862768776106898,0.105900700312669,"converged","OUM_26_OU1","OUM_26","OU1","OU1",4,"SCOUT_PPUPWTtS",256,439.672548539055,439.831911088856,20.7506968286662,20.5727099808766,3.11910424334621e-05,3.40940019506569e-05,"OUM",3.0414066034636,3.10553105802632
"237",9,-245.923806325401,-175.401041309329,0.142267554304666,1e-10,0.125928020768299,"converged","OUM_26_BM1","OUM_26","BM1","BM1",3,"SCOUT_PPUPWTtS",256,497.847612650802,497.94285074604,78.9257609404132,78.6836496380609,7.26900931635511e-18,8.20441775888275e-18,"OUM",2.7891499552972,2.54703865294493
"238",9,-201.16829598842,-182.284945024866,0.432528250029859,0.851220926347659,0.140943125526986,"converged","OUM_27_OUM","OUM_27","OUM","OUM",6,"SCOUT_PPUPWTtS",256,414.336591976841,414.673941374431,0,0,1,1,"OUM",3.58148805435718,3.82359935670945
"239",6,-261.50193409453,-246.045907687453,0.571898746655073,0.649237701195584,0.144654751686152,"converged","OUM_27_OU1","OUM_27","OU1","OU1",4,"SCOUT_PPUPWTtS",256,531.003868189061,531.163230738862,116.66727621222,116.489289364431,4.63471316132033e-26,5.06608198906254e-26,"OUM",0.0795666425203763,0.143691097083092
"240",8,-262.573779643072,-191.853573842381,0.159718575144133,1e-10,0.154969151832469,"converged","OUM_27_BM1","OUM_27","BM1","BM1",3,"SCOUT_PPUPWTtS",256,531.147559286144,531.242797381382,116.810967309303,116.568856006951,4.31340995084312e-26,4.86849285758942e-26,"OUM",10.9574642091918,10.9574642091918
"241",7,-297.329467917019,-278.035616462174,0.987821628699629,0.903072518154014,0.181525382414302,"converged","OUM_28_OUM","OUM_28","OUM","OUM",6,"SCOUT_PPUPWTtS",256,606.658935834039,606.996285231629,0,0,0.999999999999978,0.999999999999976,"OUM",0.511915535607045,0.754026837959373
"242",6,-330.785572135382,-313.419559044686,1.09532459025347,0.732764799122602,0.183578694764135,"converged","OUM_28_OU1","OUM_28","OU1","OU1",4,"SCOUT_PPUPWTtS",256,669.571144270763,669.730506820564,62.9122084367245,62.7342215889349,2.18166224412868e-14,2.38471711549237e-14,"OUM",9.03429436717988,8.97127166443829
"243",8,-344.129395823125,-273.372932255741,0.306402410030846,1e-10,0.193310429843798,"converged","OUM_28_BM1","OUM_28","BM1","BM1",3,"SCOUT_PPUPWTtS",256,694.258791646251,694.354029741489,87.5998558122121,87.3577445098598,9.50458157852629e-20,1.07277045439161e-19,"OUM",9.22367978628324,9.22367978628324
"244",16,-468.437720787829,-449.107411034593,3.80343863524031,0.897259850793607,0.315938208384718,"converged","OUM_29_OUM","OUM_29","OUM","OUM",6,"SCOUT_PPUPWTtS",256,948.875441575657,949.212790973247,0,0,0.991585857255031,0.990809920866708,"OUM",1.4685550600351,1.71066636238743
"245",7,-475.20711237514,-455.946931824807,3.97932961312724,0.885633855235728,0.316099836476815,"converged","OUM_29_OU1","OUM_29","OU1","OU1",4,"SCOUT_PPUPWTtS",256,958.414224750279,958.57358730008,9.53878317462227,9.36079632683266,0.00841414274496879,0.00919007913329248,"OUM",0.134899541828872,0.0337587598029359
"246",7,-517.673687552142,-446.858438435382,1.21477900920976,1e-10,0.322151835408426,"converged","OUM_29_BM1","OUM_29","BM1","BM1",3,"SCOUT_PPUPWTtS",256,1041.34737510428,1041.44261319952,92.4719335286275,92.2298222262751,8.24717277016564e-21,9.30119857889936e-21,"OUM",3.30317368818578,3.23904923362306
"247",7,-290.971474737404,-271.603137144646,0.980089395487134,0.921209276328836,0.14966575234697,"converged","OUM_3_OU1","OUM_3","OU1","OU1",4,"SCOUT_PPUPWTtS",256,589.942949474809,590.10231202461,0,0,0.773279927249018,0.788501839970538,"OUM",2.63183688216702,2.45385003437741
"248",6,-290.198399754593,-270.79308834137,0.979649244902234,0.928865052294371,0.149825339180055,"converged","OUM_3_OUM","OUM_3","OUM","OUM",6,"SCOUT_PPUPWTtS",256,592.396799509186,592.734148906777,2.45385003437741,2.63183688216702,0.226720072750982,0.211498160029462,"OUM",14.2621363248525,14.2621363248525
"249",8,-339.363979523525,-268.651267743927,0.300448532796684,1e-10,0.163243605990203,"converged","OUM_3_BM1","OUM_3","BM1","BM1",3,"SCOUT_PPUPWTtS",256,684.727959047051,684.823197142289,94.7850095722418,94.7208851176791,2.02317488296555e-21,2.13021700531397e-21,"OUM",0.240821844002539,3.78454254719293
"250",6,-425.638126532547,-406.166142858064,2.78473193060715,0.928086119364385,0.276364842963175,"converged","OUM_30_OUM","OUM_30","OUM","OUM",6,"SCOUT_PPUPWTtS",256,863.276253065093,863.613602462684,0,0,0.999992506990559,0.999991809595895,"OUM",2.73322572695747,2.73322572695747
"251",6,-439.439659086092,-420.102119772594,3.02610047572184,0.897507675621756,0.277353407809174,"converged","OUM_30_OU1","OUM_30","OU1","OU1",4,"SCOUT_PPUPWTtS",256,886.879318172185,887.038680721985,23.6030651070912,23.4250782593016,7.49300944117836e-06,8.1904041046581e-06,"OUM",7.89850046411766,7.89850046411766
"252",7,-481.73719814987,-410.923060388731,0.918440379980387,1e-10,0.283219581572778,"converged","OUM_30_BM1","OUM_30","BM1","BM1",3,"SCOUT_PPUPWTtS",256,969.474396299741,969.569634394979,106.198143234647,105.956031932295,8.69686939716064e-24,9.81604287504078e-24,"OUM",0.558310531718803,0.558310531718803
"253",10,177.911255432057,195.260207396127,0.0187418782940733,0.774241636250807,0.05,"converged","OUM_4_OUM","OUM_4","OUM","OUM",6,"SCOUT_PPUPWTtS",256,-343.822510864114,-343.485161466524,0,0,1,1,"OUM",12.2353017783083,12.4774130806605
"254",8,139.949321018068,152.551309773174,0.0210400783122224,0.582638262069176,0.05,"converged","OUM_4_OU1","OUM_4","OU1","OU1",4,"SCOUT_PPUPWTtS",256,-271.898642036137,-271.739279486336,71.9238688279775,71.7458819801879,2.40951883469599e-16,2.63378110918149e-16,"OUM",10.9368881062911,11.0010125608538
"255",4,126.203066257679,196.293798641658,0.01,1e-10,0.05,"converged","OUM_4_BM1","OUM_4","BM1","BM1",3,"SCOUT_PPUPWTtS",256,-246.406132515358,-246.31089442012,97.4163783487562,97.174267046404,7.01943598989975e-22,7.92275122712433e-22,"OUM",17.4530871095658,17.4530871095658
"256",7,-432.246685774136,-412.757112331458,2.92544058413361,0.935180826432346,0.305806119209527,"converged","OUM_5_OUM","OUM_5","OUM","OUM",6,"SCOUT_PPUPWTtS",256,876.493371548272,876.830720945862,0,0,0.999999999999703,0.999999999999675,"OUM",5.69522885812046,5.87321570591007
"257",6,-463.090921018494,-444.712954704908,3.31181189701691,0.795668464571545,0.306757022532069,"converged","OUM_5_OU1","OUM_5","OU1","OU1",4,"SCOUT_PPUPWTtS",256,934.181842036987,934.341204586788,57.6884704887152,57.5104836409256,2.97240373709242e-13,3.24905566160566e-13,"OUM",0.807297391884958,0.807297391884958
"258",8,-490.127738987523,-419.311063245708,0.972336229574816,1e-10,0.312981283967363,"converged","OUM_5_BM1","OUM_5","BM1","BM1",3,"SCOUT_PPUPWTtS",256,986.255477975046,986.350716070284,109.762106426774,109.519995124421,1.46373153130967e-24,1.65209580977033e-24,"OUM",6.50215845489959,6.43803400033687
"259",30,1.05830502523338,17.2008078117363,0.0871413858808252,1.12533250469149,0.123687155279345,"converged","OUM_6_OUM","OUM_6","OUM","OUM",6,"SCOUT_PPUPWTtS",256,9.88338994953324,10.2207393471236,0,0,1,1,"OUM",2.69152510929934,2.93363641165161
"260",7,-215.03671413621,-144.227561562236,0.109824696279205,1e-10,0.155026729195165,"converged","OUM_6_BM1","OUM_6","BM1","BM1",3,"SCOUT_PPUPWTtS",256,436.073428272421,436.168666367659,426.190038322888,425.947927020535,2.84452042868602e-93,3.21057528687209e-93,"OUM",3.66324472119686,3.59912026663415
"261",6,-240.231946144764,-238.34405371859,0.319933519026861,0.381569980286104,0.152743269371569,"converged","OUM_6_OU1","OUM_6","OU1","OU1",4,"SCOUT_PPUPWTtS",256,488.463892289528,488.623254839329,478.580502339995,478.402515492205,1.19554063988078e-104,1.30681375353268e-104,"OUM",2.49113618399502,2.31314933620547
"262",8,-393.508877231208,-374.021391963047,2.21349799695687,0.940767373598417,0.234307453349622,"converged","OUM_7_OUM","OUM_7","OUM","OUM",6,"SCOUT_PPUPWTtS",256,799.017754462417,799.355103860007,0,0,0.999637961674966,0.999604278846742,"OUM",7.99271670533835,7.99271670533835
"263",6,-403.432275608816,-384.054910640955,2.32983105266382,0.909426436404769,0.235179517987503,"converged","OUM_7_OU1","OUM_7","OU1","OU1",4,"SCOUT_PPUPWTtS",256,814.864551217631,815.023913767432,15.8467967552142,15.6688099074246,0.000362038325033589,0.000395721153258536,"OUM",8.16381886953798,7.98583202174837
"264",8,-446.987564819702,-376.202010785359,0.698050405535652,1e-10,0.243941182559313,"converged","OUM_7_BM1","OUM_7","BM1","BM1",3,"SCOUT_PPUPWTtS",256,899.975129639403,900.070367734641,100.957375176986,100.715263874634,1.19461308354955e-22,1.34829968911254e-22,"OUM",10.1207398558518,10.1207398558518
"265",7,-120.395868357576,-101.687149974067,0.273987638028013,0.978199828758787,0.0776891282762234,"converged","OUM_8_OUM","OUM_8","OUM","OUM",6,"SCOUT_PPUPWTtS",256,252.791736715152,253.129086112743,0,0,1,1,"OUM",1.05023523348399,1.29234653583626
"266",7,-167.022321250459,-148.796290470603,0.336026462257567,0.805069374956462,0.0859177857546233,"converged","OUM_8_OU1","OUM_8","OU1","OU1",4,"SCOUT_PPUPWTtS",256,342.044642500917,342.204005050718,89.2529057857651,89.0749189379755,4.15889314101504e-20,4.5459757492587e-20,"OUM",0.997725403366076,0.997725403366076
"267",9,-183.15690978702,-112.752119749725,0.0857094740730079,1e-10,0.109742193750828,"converged","OUM_8_BM1","OUM_8","BM1","BM1",3,"SCOUT_PPUPWTtS",256,372.313819574039,372.409057669277,119.522082858887,119.279971556535,1.11201200140635e-26,1.25511429428182e-26,"OUM",4.03416009338332,3.9700356388206
"268",17,34.7816271397465,20.2163185060262,0.01,0.703155795075778,0.27291304849352,"early_stop_oscillating","OUM_9_OUM","OUM_9","OUM","OUM",6,"SCOUT_PPUPWTtS",256,-57.5632542794931,-57.2259048819027,0,0,1,1,"OUM",13.2663375403113,13.2663375403113
"269",7,-518.293212168954,-499.726055211847,5.16217994278572,0.809871689694974,0.381358080585975,"converged","OUM_9_OU1","OUM_9","OU1","OU1",4,"SCOUT_PPUPWTtS",256,1044.58642433791,1044.74578688771,1102.1496786174,1101.97169176961,4.69070555763056e-240,5.1272857918865e-240,"OUM",11.6226781734954,11.4446913257059
"270",7,-547.257605540297,-476.431122711698,1.52256092172195,1e-10,0.386136413712079,"converged","OUM_9_BM1","OUM_9","BM1","BM1",3,"SCOUT_PPUPWTtS",256,1100.51521108059,1100.61044917583,1158.07846536009,1157.83635405774,3.36090658469904e-252,3.79341400170735e-252,"OUM",3.79173881349084,3.79173881349084
