"","BM1_1","BM1_2","BM1_3","BM1_4","BM1_5","BM1_6","BM1_7","BM1_8","BM1_9","BM1_10","BM1_11","BM1_12","BM1_13","BM1_14","BM1_15","BM1_16","BM1_17","BM1_18","BM1_19","BM1_20","BM1_21","BM1_22","BM1_23","BM1_24","BM1_25","BM1_26","BM1_27","BM1_28","BM1_29","BM1_30","OU1_1","OU1_2","OU1_3","OU1_4","OU1_5","OU1_6","OU1_7","OU1_8","OU1_9","OU1_10","OU1_11","OU1_12","OU1_13","OU1_14","OU1_15","OU1_16","OU1_17","OU1_18","OU1_19","OU1_20","OU1_21","OU1_22","OU1_23","OU1_24","OU1_25","OU1_26","OU1_27","OU1_28","OU1_29","OU1_30","OUM_1","OUM_2","OUM_3","OUM_4","OUM_5","OUM_6","OUM_7","OUM_8","OUM_9","OUM_10","OUM_11","OUM_12","OUM_13","OUM_14","OUM_15","OUM_16","OUM_17","OUM_18","OUM_19","OUM_20","OUM_21","OUM_22","OUM_23","OUM_24","OUM_25","OUM_26","OUM_27","OUM_28","OUM_29","OUM_30","OUM","species"
"1",1525,37,64,856,5,1250,1281,690,0,28,610,2362,172,2,208,21,246,103,53,52,1865,422,206,595,324,105,744,1,8,124,286,167,44,546,0,1641,21,481,18,11,645,1291,202,5,833,33,225,744,3,318,1467,412,246,371,219,640,833,1,236,13,234,188,9,615,6,1970,125,543,3,8,822,1323,426,45,471,33,189,594,0,272,1271,637,261,290,379,292,458,2,69,75,"2","t1"
"2",1080,208,40,813,6,1739,1361,804,17,29,470,2315,248,0,2232,18,168,103,7,139,2349,147,148,714,115,24,1296,0,184,64,323,486,35,598,1,1905,1094,719,6,42,681,1273,372,2,1263,53,211,361,0,507,1709,592,331,423,69,373,1038,0,148,74,240,257,202,649,5,1627,995,643,11,25,784,1277,456,27,672,12,233,713,1,301,1575,923,178,222,357,510,1084,0,419,10,"2","t2"
"3",2037,1197,25,857,1,1429,13,494,0,70,333,2432,0,1,749,12,205,117,55,130,2313,712,126,63,6,5,737,4,36,13,375,331,153,575,0,1906,3543,635,10,23,668,1106,378,3,605,74,231,471,51,665,1525,562,261,161,93,441,359,0,142,60,358,286,179,630,6,1908,107,405,22,23,379,1290,236,23,820,37,262,389,0,269,1837,610,174,315,295,531,328,0,291,3,"2","t3"
"4",3446,1257,16,644,2,962,3970,806,470,44,777,993,27,0,907,1,177,102,0,424,1083,389,168,411,34,3,1745,0,88,186,444,262,114,654,62,1641,127,611,67,4,634,1113,367,128,722,44,209,362,0,563,1451,272,393,403,230,341,208,0,262,7,633,436,61,477,1,2245,503,537,0,6,752,1160,392,8,271,25,217,848,0,256,1591,864,382,132,41,372,333,0,137,41,"2","t4"
"5",965,1149,9,1243,0,1891,154,659,0,15,312,2488,146,9,2832,244,230,175,0,156,3062,77,85,335,19,175,1473,0,0,6,141,206,11,681,11,1289,37,527,0,26,935,1172,339,3,288,33,227,602,0,212,1151,604,492,379,214,147,207,0,22,135,165,378,70,585,25,1534,24,752,290,12,688,1363,449,9,429,17,274,588,0,221,1693,514,168,210,72,607,397,0,694,170,"2","t5"
"6",2071,1191,31,1095,69,1917,22,803,3,196,27,1998,20,1,348,243,220,293,69,22,2790,57,82,110,1,21,1873,0,23,195,270,250,123,590,0,1421,116,419,0,5,837,1233,283,31,353,24,307,574,0,457,1791,485,274,243,224,428,313,0,21,31,290,190,114,479,18,1900,345,623,87,28,741,1553,398,76,478,5,208,722,0,217,1532,626,317,172,138,62,952,0,114,11,"2","t6"
"7",1244,510,13,651,8,1611,410,613,3,47,336,2857,19,1,819,293,310,27,462,211,3024,595,136,253,0,1,759,1,172,24,300,304,157,668,23,1591,170,332,144,7,788,1255,404,26,197,3,254,520,1,378,1245,418,243,359,223,379,526,2,19,0,313,507,10,657,0,2043,354,269,0,17,695,1364,487,14,647,13,238,637,10,416,1505,692,430,107,139,294,837,0,279,52,"2","t7"
"8",2481,1206,11,255,314,2550,1983,717,11,15,181,2771,4,13,283,137,133,65,323,6,2832,227,183,230,41,273,1463,0,5,10,177,319,57,665,2,1451,345,343,26,40,787,1233,454,47,492,37,195,435,0,226,1596,679,304,367,354,561,690,0,85,8,356,205,95,595,0,1932,487,225,3,20,669,1261,413,16,697,60,244,613,15,458,1604,793,292,359,194,418,284,0,1,59,"2","t8"
"9",184,63,17,489,31,385,2127,765,85,36,720,1391,167,3,1151,4,192,461,60,116,66,132,31,467,483,32,293,0,158,215,352,281,138,569,6,2166,136,493,5,16,739,1296,391,7,900,57,203,433,12,534,1494,792,75,243,170,154,551,0,1,125,485,143,24,597,54,1878,156,616,0,10,722,1310,445,19,765,17,247,493,0,441,1647,893,409,178,62,403,993,0,633,11,"2","t9"
"10",665,216,11,609,0,1995,11289,678,0,12,617,1765,118,7,228,69,326,343,170,142,624,333,71,489,411,48,439,0,16,74,490,153,111,590,5,1696,254,470,46,9,819,946,385,0,575,20,181,523,0,483,1536,383,234,179,195,126,328,0,103,33,402,558,195,600,7,2762,152,585,1,13,929,1318,431,46,335,68,240,550,0,447,1807,355,493,297,124,266,1663,0,4,20,"2","t10"
"11",56,63,2,209,38,1742,8493,421,323,19,635,2672,23,20,222,78,319,1048,2,111,1489,606,352,577,416,44,206,0,149,75,270,333,199,672,0,1579,77,504,0,40,778,1159,373,1,686,23,276,559,0,531,1464,479,357,202,324,514,368,0,119,66,355,177,200,624,8,1109,301,440,6,15,586,1469,449,108,777,28,209,674,49,255,1779,470,285,437,158,360,968,1,213,43,"2","t11"
"12",77,177,8,552,230,2368,7154,678,77,29,1104,2891,92,8,344,11,251,610,5,34,1553,436,118,458,383,94,661,2,0,12,348,188,147,603,0,1852,60,372,47,9,717,662,429,12,1107,23,259,769,0,501,1730,756,434,342,148,570,353,0,112,2,275,372,77,615,0,1092,97,280,93,26,773,1343,524,99,602,2,239,462,0,424,1593,760,335,180,102,218,749,0,31,5,"2","t12"
"13",2792,64,44,453,0,1460,0,773,0,15,547,1302,109,0,182,199,288,506,0,28,333,246,78,84,14,26,670,0,240,378,245,109,9,587,0,1459,371,422,94,32,674,1371,192,33,712,64,221,563,66,371,1357,679,223,139,88,256,706,5,318,82,206,491,77,531,0,1807,220,450,12,12,911,1377,525,11,580,8,233,554,0,401,1276,1023,353,289,155,458,509,0,20,24,"2","t13"
"14",4801,727,13,526,198,608,215,880,166,94,878,1019,18,1,550,191,236,281,14,60,13,465,129,227,17,38,318,0,4,637,497,508,148,674,8,1828,264,586,103,24,657,1025,421,10,292,95,263,560,3,202,1717,487,322,170,64,402,171,0,74,219,563,287,83,611,0,1888,65,648,0,12,942,1396,196,8,524,24,243,532,18,332,1527,167,351,257,94,402,280,0,32,6,"2","t14"
"15",3328,855,0,224,47,2106,245,839,2,12,147,1649,44,8,1660,8,236,451,17,2,1,114,191,662,1,5,1961,0,22,76,56,196,128,710,81,1686,117,451,0,13,636,1303,488,53,617,29,272,750,0,480,1633,435,286,202,16,514,116,0,148,3,26,234,87,553,2,2390,337,457,181,9,971,1449,343,44,498,17,215,693,0,326,1722,911,328,190,120,427,236,0,217,27,"2","t15"
"16",2383,983,2,157,64,1554,4704,738,11,8,297,1170,13,14,464,39,210,580,48,15,0,113,105,382,0,39,1190,1,268,18,509,399,6,633,8,1760,1052,456,12,6,513,1075,395,21,667,42,198,357,15,554,1653,405,187,247,141,216,1532,0,37,233,339,597,137,554,7,1705,1013,524,0,1,819,1065,389,25,570,28,193,540,0,370,1376,581,333,433,97,540,521,1,58,85,"2","t16"
"17",788,387,95,438,76,183,282,702,0,7,546,950,354,0,1348,2,242,232,367,903,741,1184,53,53,73,6,320,25,168,404,159,516,121,724,18,1638,256,398,7,23,686,1257,473,14,695,38,194,496,1,313,1653,568,175,174,82,178,987,0,14,150,109,714,121,589,1,2007,223,278,27,26,731,1220,406,2,705,7,240,670,0,619,1488,971,164,242,144,555,599,0,0,1,"2","t17"
"18",1045,133,49,383,4,455,1731,731,0,23,314,962,357,16,1621,49,203,559,55,915,8,697,116,60,211,25,628,0,417,110,232,228,55,635,5,665,123,403,31,2,668,1335,511,48,748,38,199,295,0,413,1706,670,79,175,120,435,533,0,523,146,273,380,166,597,21,2056,239,420,0,4,776,1402,494,49,600,8,233,694,0,386,1441,895,348,174,163,422,1241,0,120,42,"2","t18"
"19",694,401,66,665,12,397,94,648,0,10,315,1637,694,0,870,44,217,476,34,413,136,464,134,243,22,620,479,0,228,42,257,130,72,527,23,1265,110,361,50,5,638,1259,374,39,531,40,264,293,17,192,1825,853,389,208,128,166,752,0,337,65,382,491,206,621,7,1798,65,547,27,18,806,1327,409,27,211,6,245,560,0,411,1267,400,375,236,105,391,371,0,165,41,"2","t19"
"20",448,457,49,670,33,417,385,852,6,14,775,1740,156,16,324,28,268,841,96,616,0,661,109,82,1,198,1081,3,319,123,622,479,106,678,29,2161,12,567,21,26,715,1215,386,33,542,39,290,330,6,414,1526,930,305,100,94,362,781,0,64,76,187,746,88,673,0,2321,622,613,4,48,771,1150,164,2,563,40,248,393,0,450,1422,758,730,539,75,304,369,0,3,110,"2","t20"
"21",1471,93,81,748,0,185,991,658,0,166,728,970,266,12,1551,254,612,287,27,528,7,201,174,104,164,61,730,0,175,373,206,633,97,615,21,1641,49,483,73,18,543,1289,227,36,517,12,260,523,11,329,1770,612,275,435,150,614,166,0,94,111,377,171,107,711,3,1679,3,577,37,9,582,1331,441,0,683,51,257,461,3,418,1559,887,240,277,113,31,805,2,50,8,"2","t21"
"22",907,233,56,1022,71,18,0,499,0,52,415,1451,244,0,1296,302,629,89,254,379,157,393,38,26,4,364,432,3,414,776,229,319,29,588,0,2128,559,175,247,6,675,1221,368,0,1187,11,236,230,0,623,1478,907,161,249,34,477,456,0,116,201,243,534,107,688,4,1682,539,488,0,40,729,1391,271,9,759,20,286,744,0,386,1501,426,183,169,126,561,408,0,10,124,"2","t22"
"23",216,44,101,639,0,84,223,702,0,26,616,1087,472,1,2310,86,252,439,85,454,564,534,78,86,108,301,672,2,353,577,153,380,12,551,0,1580,218,760,19,31,847,1308,461,37,196,3,203,528,0,456,1658,299,181,185,223,420,518,0,1,3,406,335,94,599,9,1295,126,574,8,7,906,1134,438,38,425,28,241,400,0,478,1733,146,202,249,119,362,761,0,458,11,"2","t23"
"24",182,5,164,623,4,408,147,782,0,77,578,929,480,0,6660,26,201,224,84,510,7,914,83,48,41,575,756,7,281,1239,212,641,33,666,63,2120,195,376,0,6,868,1196,392,2,532,9,290,572,0,371,1588,649,430,310,92,310,654,0,131,13,414,324,103,555,1,1590,15,645,147,12,663,1086,106,3,522,13,267,598,4,398,1826,626,88,246,67,290,509,0,34,198,"2","t24"
"25",917,1291,9,459,42,587,78,616,0,15,291,297,772,329,355,5,150,553,9,265,0,704,44,107,0,71,1187,0,21,53,201,174,151,575,14,1843,36,535,100,12,604,793,472,9,736,7,207,672,1,289,1737,776,150,264,321,295,148,0,131,34,401,282,130,576,44,1577,391,753,0,7,951,1195,393,1,543,15,261,650,0,523,1631,908,390,173,77,436,685,0,62,59,"2","t25"
"26",1365,1460,8,88,1,723,770,566,30,8,96,835,163,39,1261,1,81,339,41,157,119,589,103,53,4,13,2113,0,581,26,353,412,76,621,68,1517,1114,476,2,6,744,1306,399,1,434,6,218,625,0,250,1120,243,215,186,159,369,258,0,15,164,386,125,44,543,0,1789,161,622,1,12,907,1186,237,1,561,8,225,734,10,634,1422,879,449,351,198,465,990,0,273,124,"2","t26"
"27",1393,1280,15,385,33,488,428,516,14,3,709,529,13,3,972,8,126,661,6,104,1,324,173,88,0,192,1660,0,62,108,397,272,6,565,7,1751,465,389,12,13,658,1452,78,0,700,13,216,570,49,276,1642,790,144,255,31,363,971,0,97,17,164,54,125,630,0,2280,61,682,0,36,877,1340,364,130,794,14,236,548,0,537,1718,650,269,404,154,606,898,0,55,167,"2","t27"
"28",1452,491,39,576,46,855,0,630,0,8,371,243,89,9,253,22,155,380,20,142,288,491,22,205,124,94,599,19,66,213,303,332,21,564,0,1853,222,537,322,12,913,1131,316,37,624,29,255,606,5,468,1191,549,205,258,133,272,295,0,71,10,174,647,18,636,0,1570,265,446,3,26,678,1255,466,8,588,57,256,347,0,448,1326,939,133,157,346,438,457,9,407,5,"2","t28"
"29",1395,1213,3,64,0,1694,1201,785,0,20,306,534,241,15,1723,2,137,730,1,13,0,399,69,63,0,537,3510,0,21,4,201,240,43,599,0,1348,122,478,26,12,871,1234,459,2,678,21,176,497,6,421,1279,524,375,299,181,441,516,0,109,8,264,252,180,618,26,2434,47,621,60,10,747,1375,360,25,761,5,250,610,0,434,1668,624,385,304,184,254,803,0,92,27,"2","t29"
"30",997,901,40,384,219,1172,430,641,0,10,339,310,586,38,416,2,246,607,80,34,134,807,128,131,9,510,760,0,197,23,230,121,24,680,0,1814,78,479,64,17,759,1249,474,56,636,25,275,519,0,306,1698,969,171,264,239,361,545,2,174,22,101,514,203,608,32,2673,487,640,2,10,837,1226,376,38,781,16,231,873,0,376,1814,814,333,333,172,675,306,0,83,4,"2","t30"
"31",1945,1106,7,68,16,1236,1061,812,332,11,285,978,116,61,323,0,219,317,15,317,1360,1400,160,82,7,66,314,2,160,73,122,110,66,548,1,2164,128,761,3,8,930,1140,414,17,691,27,218,787,0,629,1547,902,344,104,73,425,898,0,195,1,377,564,82,503,0,2995,102,691,0,28,973,1245,392,41,538,8,255,558,90,448,1622,908,325,208,130,406,158,0,1,4,"2","t31"
"32",991,891,19,30,210,769,390,478,4265,4,1011,687,269,258,306,7,130,649,36,367,930,1567,642,237,0,55,516,0,120,96,289,627,125,640,9,1093,136,483,1,17,745,1310,391,1,410,2,229,352,25,202,1347,497,260,369,231,430,1065,7,277,140,190,92,127,539,0,2233,329,527,10,42,771,1309,336,7,665,22,273,709,3,406,1557,609,234,184,310,380,846,0,334,52,"2","t32"
"33",1088,156,2,751,8,3168,156,518,0,5,68,2393,224,21,9915,1,125,559,0,248,1539,209,2516,1543,351,174,22352,0,11,0,231,269,166,602,2,1976,141,295,320,9,802,1098,371,32,513,53,242,357,0,543,1449,717,541,358,163,392,177,0,246,52,129,243,146,580,0,1556,91,638,67,16,733,1190,387,0,535,15,234,513,27,528,1736,550,240,286,298,342,551,0,182,23,"2","t33"
"34",945,269,5,855,74,4689,7970,214,0,17,380,1292,11,18,1074,9,183,316,0,268,1246,181,4479,1503,421,105,8168,3,69,0,125,448,131,600,26,2152,1654,222,15,3,792,1156,402,29,535,27,237,324,0,602,1397,939,485,274,86,53,447,0,3,34,303,457,175,688,7,2056,29,555,62,5,677,1277,375,0,427,6,261,469,4,232,1398,677,560,450,407,136,275,0,121,45,"2","t34"
"35",1168,444,54,970,109,4459,28689,536,0,29,730,1894,224,0,4091,7,115,122,0,334,1351,306,1448,871,483,689,7020,0,135,1,183,423,96,754,14,2740,1131,244,2,35,888,1268,408,0,468,66,307,432,1,179,1722,790,198,166,140,597,164,0,8,8,414,769,85,619,0,1810,396,407,13,25,836,1343,204,24,256,27,235,262,9,267,1470,402,130,305,74,406,373,0,2,63,"2","t35"
"36",946,229,32,977,0,3973,1692,405,1,9,162,1700,287,21,2769,0,135,169,0,374,1399,288,1276,1011,512,400,10517,16,404,89,450,64,50,598,0,1501,1803,591,0,17,783,1106,393,0,331,15,269,639,43,340,1808,858,330,252,269,130,490,0,297,167,534,774,191,624,6,2087,482,626,2,32,575,1333,337,73,862,1,213,456,0,487,1540,717,165,271,30,226,346,0,179,25,"2","t36"
"37",1209,1529,27,851,0,2838,98,797,0,47,456,1779,385,102,2492,6,139,140,0,248,1202,436,2876,406,48,589,3992,0,64,3,344,208,78,547,0,1648,39,349,136,27,697,1289,481,7,1170,6,232,613,5,430,1637,924,125,212,171,185,398,0,54,5,314,445,147,621,0,1826,170,526,3,9,922,1426,505,9,796,4,241,695,3,409,1368,288,274,209,58,605,511,1,1,4,"2","t37"
"38",1084,876,18,611,0,2935,3970,538,0,12,368,1676,34,7,3037,2,121,169,17,303,1307,395,513,572,349,143,11470,0,605,43,457,479,96,732,2,1513,151,323,1,10,601,1278,490,53,618,18,180,509,0,340,1433,498,425,417,69,252,808,0,180,41,455,368,167,582,64,1912,213,422,0,39,896,1234,385,15,793,22,249,520,0,323,1577,820,367,326,242,170,501,0,19,22,"2","t38"
"39",1076,6,134,791,31,3039,1162,776,0,28,169,2076,32,0,15326,42,79,136,1,341,1410,201,819,969,455,55,14820,266,136,0,619,95,15,513,9,2180,539,325,14,17,615,1056,396,0,219,2,239,518,4,364,1277,734,400,295,325,424,315,0,36,0,558,193,129,511,0,2519,726,472,4,13,778,1295,393,1,574,71,210,571,34,279,1482,440,436,234,240,208,598,0,527,20,"2","t39"
"40",1774,0,40,852,0,3567,3729,678,1,8,635,2257,143,0,3194,1,132,55,0,282,1668,321,2509,1081,358,182,11541,6,307,1,730,322,162,726,11,1577,250,273,0,23,494,1102,331,1,1351,5,218,528,1,371,1735,889,171,201,141,594,766,0,551,53,463,191,112,596,31,1347,375,777,16,9,643,938,456,29,1071,22,203,872,5,265,1573,557,250,307,368,533,811,0,118,22,"2","t40"
"41",1188,1245,25,786,5,1583,35,781,8,21,50,956,16,91,926,14,242,319,80,246,33,519,122,57,125,18,934,0,23,8,578,380,179,710,3,1843,48,505,26,11,733,1170,449,1,507,1,256,476,0,449,1395,764,414,184,72,520,304,0,318,41,543,105,100,522,2,2546,334,305,0,5,528,1214,382,20,846,37,226,817,10,489,1425,521,171,271,195,262,947,0,72,13,"2","t41"
"42",1492,1217,19,458,9,759,103,631,2,29,225,1196,206,14,668,15,155,172,3,196,0,490,137,162,0,107,672,2,11,108,321,431,92,739,43,1418,239,494,6,8,803,1099,477,12,817,4,273,451,0,251,1346,961,312,308,185,292,509,0,287,7,181,559,105,638,2,2312,10,670,43,4,820,1410,150,0,404,12,209,726,1,419,1425,863,426,250,92,596,1035,0,8,5,"2","t42"
"43",696,1446,25,600,42,1065,9,583,0,16,791,1167,280,9,439,13,190,417,2,309,301,547,310,148,0,669,1054,2,438,7,70,138,116,617,0,2185,193,240,73,5,719,1303,452,1,611,13,248,563,0,372,1525,745,466,556,157,368,1205,0,87,77,159,390,189,653,0,2017,96,677,0,28,670,1355,451,19,1038,1,201,416,0,433,1446,471,230,213,72,310,1066,0,125,30,"2","t43"
"44",1138,1446,35,439,64,1567,91,504,192,22,152,1300,44,57,1560,20,126,303,0,318,1137,964,510,168,0,70,1591,7,0,16,60,255,33,588,0,2072,692,312,6,9,817,1273,295,11,414,35,199,688,0,244,1497,752,229,242,406,353,1051,0,297,14,549,342,86,534,1,1844,85,431,26,23,733,1267,454,41,631,32,233,529,0,447,1488,535,379,171,130,267,211,0,759,78,"2","t44"
"45",149,969,15,658,0,1620,430,433,8,13,1307,1940,257,42,890,0,242,279,0,425,143,1210,366,125,1,214,723,0,65,152,386,132,149,535,1,766,49,337,92,23,753,1213,438,24,235,16,211,335,26,481,1174,404,206,81,74,530,1007,0,34,133,570,384,58,518,22,1880,391,822,38,8,742,1004,400,24,643,57,229,713,4,483,1776,280,152,193,122,265,728,2,198,38,"2","t45"
"46",346,1101,29,860,0,1633,673,612,727,20,1432,1410,651,71,870,3,253,342,0,486,30,1730,459,91,40,117,849,1,129,18,439,476,43,570,24,2015,206,347,13,19,729,1161,452,6,445,4,279,437,1,240,1824,672,191,100,122,519,769,1,14,3,181,536,56,525,0,1455,123,635,0,8,806,1323,468,0,781,19,215,552,0,471,1410,506,422,385,102,436,738,0,28,1,"2","t46"
"47",95,788,4,441,0,2177,509,474,554,17,854,1307,25,95,3795,2,173,415,0,549,297,531,148,159,5,553,1432,4,609,75,157,426,80,536,37,1557,618,475,10,27,799,1207,436,1,535,32,216,672,0,462,1731,370,162,256,96,263,635,0,121,47,517,463,32,589,0,1516,55,675,67,30,799,1164,474,47,528,13,191,718,1,426,1387,923,212,269,142,490,1005,0,16,90,"2","t47"
"48",323,1278,23,749,1,3375,1172,381,0,7,599,1497,22,29,10094,5,166,389,0,318,0,654,488,217,69,602,2578,7,4,48,212,200,89,749,1,1674,202,533,16,4,699,934,453,58,544,71,331,268,40,416,1550,873,139,148,111,647,351,0,295,49,557,302,177,616,0,1917,93,372,0,23,751,1501,234,108,609,17,223,346,0,445,1594,887,241,230,216,259,1038,0,310,21,"2","t48"
"49",934,0,69,576,1,500,0,843,0,15,631,1789,834,0,78,15,273,325,53,336,629,515,1070,724,677,560,971,79,3,11,465,276,121,650,0,1183,245,529,0,4,655,782,456,22,434,25,226,455,0,236,1636,498,55,157,82,502,611,0,15,95,420,112,67,595,9,1431,233,509,261,7,786,1397,395,43,493,16,222,477,0,444,1476,535,355,266,240,183,773,0,500,76,"2","t49"
"50",937,3,26,630,7,1195,2,784,0,6,644,2014,1071,7,85,26,262,256,1,342,1089,898,1990,703,390,658,958,1,88,82,140,469,70,678,0,2128,77,595,6,10,762,1127,442,38,630,52,219,435,0,442,1892,718,139,58,40,316,727,0,587,66,137,545,63,659,3,2323,372,361,155,8,876,1505,263,1,459,44,207,231,5,453,1592,738,162,306,135,287,765,0,88,137,"2","t50"
"51",2356,502,15,536,18,940,1,605,66,13,626,1374,1652,42,370,2,248,55,0,343,167,799,1623,533,11,89,1748,0,0,0,521,348,115,597,11,1204,1,298,0,1,688,1225,518,0,783,65,229,272,16,303,1801,552,237,290,164,482,479,0,277,94,286,349,170,640,58,1723,91,631,8,21,888,1265,379,38,434,84,220,516,0,451,1624,418,398,175,169,106,545,4,82,0,"2","t51"
"52",1485,423,4,493,45,986,1,768,0,17,490,1092,1488,0,1401,0,239,48,0,291,46,391,3517,370,0,534,2593,0,1067,19,309,238,20,546,0,2044,329,611,6,13,789,1110,292,97,383,33,256,321,0,283,1185,665,206,208,92,558,315,0,157,105,210,249,5,588,0,2320,216,532,32,6,691,1270,380,36,590,26,243,573,0,662,1810,318,262,204,91,452,436,0,234,68,"2","t52"
"53",1228,92,24,513,8,1461,32,634,0,26,1400,787,167,0,2698,4,187,114,0,431,20,653,2001,707,329,167,2994,15,24,88,83,187,51,575,1,2646,156,607,85,4,519,1211,351,34,540,19,213,399,5,197,1762,464,331,278,108,604,695,1,374,35,98,201,27,637,0,2083,8,769,25,19,869,1422,426,9,793,56,239,479,0,349,1737,457,209,292,332,512,1050,0,109,118,"2","t53"
"54",1136,59,24,598,259,2176,195,598,44,8,1072,1072,314,0,1743,6,192,255,0,480,222,709,2900,757,181,258,707,9,1,25,152,572,118,623,47,2303,22,413,1,26,727,1138,392,1,606,29,240,686,0,434,1757,652,255,137,210,505,1064,0,103,23,251,110,142,560,0,2518,895,480,0,43,846,1252,375,1,743,37,213,532,0,414,2077,547,336,162,197,185,502,0,405,114,"2","t54"
"55",4845,31,125,1056,211,400,98,662,0,42,470,134,188,0,244,19,295,88,7,139,84,858,1322,527,160,45,723,0,42,4,189,276,29,534,48,2727,1468,549,0,9,783,1168,389,1,695,58,251,465,13,171,1269,519,347,10,96,558,1040,0,46,45,356,387,27,568,50,1891,8,422,37,33,558,1422,394,25,622,45,240,553,0,263,1686,766,250,362,261,256,347,0,53,4,"2","t55"
"56",6194,28,72,1113,63,702,50,716,5,16,799,916,863,0,252,21,264,33,0,333,150,1095,2711,586,55,10,794,14,73,8,218,251,41,611,3,2712,92,593,21,1,744,1142,371,59,327,84,189,429,0,416,1479,749,308,152,158,498,695,1,0,119,947,627,111,631,0,1774,411,506,0,19,336,1394,353,22,837,30,254,657,7,448,1178,890,307,372,231,213,465,0,611,5,"2","t56"
"57",1070,85,17,554,95,1817,387,575,1,25,340,1410,558,49,4553,1,160,243,7,310,1527,342,4267,1230,230,147,4323,6,280,60,269,231,67,535,35,1871,54,740,51,4,745,1046,402,16,580,14,175,461,4,463,1427,311,158,185,90,559,1340,0,343,126,528,112,167,620,0,1676,31,579,41,22,986,1220,370,0,326,23,277,569,47,358,1774,869,657,311,141,274,555,0,1,135,"2","t57"
"58",1929,114,12,368,0,2048,261,641,0,13,565,1999,277,0,7901,5,156,356,0,301,3,330,1587,924,234,92,924,1,439,1,163,93,116,695,5,1543,537,497,64,10,842,1379,392,20,773,30,185,568,1,495,1811,817,96,337,185,279,317,0,229,36,277,689,107,499,20,1225,23,358,2,6,634,1328,497,0,730,7,232,477,6,425,1540,923,241,220,45,372,661,0,52,276,"2","t58"
"59",2033,9,7,313,0,1575,1990,712,12,13,681,1806,825,1,3598,4,169,671,0,333,233,272,4302,1286,303,39,2401,0,666,24,442,256,71,597,4,1149,133,644,5,25,768,1365,104,59,221,20,221,456,0,272,1502,1007,228,375,219,418,1184,17,1,43,139,446,124,579,0,2134,14,693,0,18,869,1215,372,30,780,2,237,283,0,631,1932,801,197,185,35,210,177,0,3,2,"2","t59"
"60",1,10,17,198,0,772,3219,891,1225,2,758,1335,202,184,1400,10,162,272,0,438,256,294,16035,1362,322,28,473,23,1012,112,266,661,168,544,4,1388,6451,469,0,38,284,1071,329,25,669,37,195,731,26,292,1231,615,368,311,322,121,901,0,288,95,233,282,61,635,2,1913,410,701,9,13,764,1420,372,0,414,10,197,556,4,493,1570,707,198,380,194,578,162,0,23,18,"2","t60"
"61",661,325,46,250,0,1279,4822,680,0,9,918,828,290,55,4396,5,195,270,10,511,660,392,477,440,71,156,1210,0,819,270,149,138,47,596,0,821,216,405,8,19,684,1230,474,2,343,6,250,457,0,353,1384,355,363,360,183,403,443,0,199,46,129,261,63,682,1,1667,105,646,12,3,684,1234,395,6,805,4,246,561,0,379,1382,743,383,455,338,352,1232,0,123,104,"2","t61"
"62",1431,38,2,144,29,1228,3437,698,28,6,224,857,699,109,6139,2,155,458,42,704,2086,885,765,571,293,1,1691,3,2017,21,370,577,184,709,24,1701,15,608,0,7,492,1232,222,9,338,38,205,510,1,273,1595,439,321,200,67,433,867,6,450,25,367,504,22,637,2,2105,208,410,7,21,745,1327,414,1,575,10,231,699,0,396,1572,695,298,273,106,424,899,0,15,1,"2","t62"
"63",2307,0,4,277,6,1380,3548,339,0,26,414,759,270,3,2997,0,228,387,148,534,1175,1059,1843,696,266,51,1325,1,3454,30,149,382,218,736,2,879,40,478,5,5,627,1216,403,9,954,6,234,256,9,492,1809,860,167,145,92,603,549,0,145,3,305,415,8,575,3,2346,554,462,2,11,766,1327,410,6,609,11,205,546,0,451,1546,906,419,210,119,571,538,0,200,18,"2","t63"
"64",1614,160,26,269,1,1166,14949,416,8,33,492,823,282,0,7418,7,213,590,106,585,632,1137,982,645,226,7,2040,1,3917,95,364,186,52,573,56,680,247,412,57,22,870,1173,531,13,710,2,246,720,48,343,1946,899,595,367,345,352,687,0,138,67,317,460,7,693,5,1761,627,674,4,2,722,1429,462,3,561,110,246,505,0,426,1585,836,110,216,119,224,752,8,215,1,"2","t64"
"65",57,0,5,472,20,2076,866,823,358,16,711,651,311,91,535,26,212,125,0,1010,2124,461,172,354,684,683,135,54,18,2,202,157,31,585,0,1043,410,494,1,13,813,1204,441,12,391,16,298,404,0,350,1248,323,446,438,394,673,584,0,70,219,545,31,163,620,12,1151,268,682,0,9,666,1468,358,7,510,15,260,724,5,225,1385,550,249,391,131,421,1338,1,40,43,"2","t65"
"66",5,516,62,589,0,2561,149,233,200,18,497,1076,265,20,2561,19,151,76,0,1014,3745,404,208,256,395,1107,384,16,276,146,648,464,116,547,13,1592,90,583,59,19,841,1241,138,6,192,39,228,226,77,248,1324,855,418,121,59,272,1390,0,24,16,210,340,102,685,11,1561,524,422,40,27,822,1404,72,19,762,25,270,657,43,473,1914,640,229,244,33,443,250,0,56,2,"2","t66"
"67",38,9,9,195,31,2181,150,728,297,9,455,533,68,218,215,106,112,180,0,685,3068,54,262,403,370,991,445,52,69,1,561,293,39,617,15,1367,184,330,1,23,682,1119,468,1,1132,3,224,672,0,380,1586,873,354,210,164,453,290,1,224,36,510,305,191,609,0,2461,63,470,0,3,782,1217,345,3,348,26,284,556,2,467,1617,153,134,121,192,427,408,0,47,46,"2","t67"
"68",82,28,160,490,2,1484,146,656,84,19,122,476,52,621,13933,5,122,398,7,1008,4365,173,129,303,366,701,470,133,1146,281,121,409,83,697,50,2372,355,261,31,25,673,1157,438,12,322,8,324,423,4,263,1784,812,347,144,134,450,770,0,72,0,452,83,21,611,2,1824,363,413,0,6,651,1291,397,1,722,22,231,515,0,480,1518,795,214,254,54,485,461,0,237,3,"2","t68"
"69",41,13,39,319,6,1293,2938,821,185,19,491,1525,44,82,2772,5,185,209,0,699,2153,92,175,542,446,39,1311,46,192,509,260,14,135,569,0,957,484,374,50,19,400,1243,419,27,654,6,227,632,8,225,1564,524,185,375,149,544,279,0,373,57,599,416,170,489,0,1830,514,452,438,6,672,1272,90,56,619,30,260,603,0,428,1761,742,202,250,314,415,849,0,32,43,"2","t69"
"70",350,136,29,476,23,1409,1041,569,71,17,212,2259,99,16,712,5,211,168,6,583,1545,224,114,479,951,165,199,16,297,301,215,293,1,649,0,1748,353,59,0,5,881,1249,432,37,478,4,249,543,0,460,1623,499,135,123,230,139,358,0,36,62,281,398,14,509,21,1911,220,636,31,10,692,1269,477,27,397,1,238,592,0,322,1724,761,292,369,335,174,188,0,225,195,"2","t70"
"71",195,3,124,201,197,1613,1869,892,269,47,162,254,74,119,2625,3,158,351,10,1204,2110,329,185,358,645,469,1206,0,584,144,633,225,153,789,24,1157,16,604,91,17,616,1191,277,51,302,6,261,576,1,162,1178,438,275,406,235,257,336,0,319,72,162,596,180,506,1,1317,384,639,0,24,941,984,421,68,793,46,282,500,34,621,1368,715,363,256,45,288,175,0,46,93,"2","t71"
"72",225,49,92,82,57,2093,3719,455,603,14,310,1631,61,135,1518,2,150,795,1,521,2103,146,172,430,598,334,638,0,416,95,269,42,121,560,0,2295,237,580,1,19,804,1377,389,2,282,65,280,701,2,194,1365,724,440,441,185,382,779,0,100,126,363,922,80,679,0,1156,89,574,0,31,607,1531,460,1,564,23,228,662,1,297,1480,697,324,126,63,546,1096,2,12,200,"2","t72"
"73",101,0,45,635,48,5582,194,845,251,11,522,792,188,0,216,9,719,2476,768,2046,4102,1717,195,349,447,39,159,19,291,0,271,442,50,668,52,1527,73,342,149,39,636,1175,278,0,710,17,199,564,0,375,1442,253,197,76,102,103,632,0,317,69,101,496,15,480,2,1810,171,674,9,8,235,1308,484,23,913,47,222,684,3,248,1755,619,223,421,216,336,390,0,108,25,"2","t73"
"74",104,120,4,624,18,3017,589,611,266,26,284,2374,286,171,252,1,696,2043,0,1300,4294,1452,146,369,379,201,503,5,219,22,272,317,47,531,1,2558,468,452,98,20,801,1357,304,1,637,19,225,522,2,483,1807,792,174,159,196,378,1478,0,284,8,91,247,73,601,46,1425,138,433,5,27,775,1295,276,7,460,16,255,773,1,193,1518,864,259,373,216,84,345,7,206,10,"2","t74"
"75",238,0,154,464,48,439,110,734,126,22,150,1495,300,62,166,30,480,2253,216,1506,1825,1323,522,568,585,21,268,1,602,215,82,571,49,567,0,849,87,288,1,18,582,1108,458,20,792,27,247,521,0,627,1881,685,158,91,150,349,508,1,322,47,252,266,183,655,2,1816,304,475,0,8,812,1317,184,5,587,5,258,648,34,392,1425,941,212,299,144,267,715,0,17,178,"2","t75"
"76",47,0,74,664,0,1168,257,740,1132,32,989,1285,253,248,200,11,736,1004,0,1277,2496,394,209,365,519,169,149,0,125,0,140,352,126,535,23,701,26,614,1,16,813,1061,511,6,457,12,269,706,2,234,1189,550,304,243,296,212,769,6,127,83,452,371,156,524,2,1697,64,713,0,3,907,1105,390,38,600,17,222,327,1,385,1317,761,546,192,162,378,823,1,511,9,"2","t76"
"77",305,42,9,811,4,327,1025,755,0,5,244,1190,175,0,392,20,505,1282,91,1416,2254,1408,98,322,534,214,265,0,1134,146,304,92,18,596,0,1964,68,422,0,18,964,1253,388,29,622,10,296,488,4,602,1400,529,216,222,110,351,149,0,6,101,298,296,12,449,0,1568,55,492,0,16,615,1189,486,0,507,1,266,329,3,274,1757,912,185,274,177,285,798,0,30,32,"2","t77"
"78",245,41,11,906,58,1252,215,864,0,9,852,1126,69,21,523,11,408,756,0,1526,3539,954,206,295,526,95,474,0,396,20,317,322,14,514,6,2472,612,675,1,8,898,1179,378,14,295,7,211,476,1,346,1262,587,108,100,100,413,414,0,243,59,347,304,190,683,3,1773,294,412,6,12,803,1288,501,0,635,7,309,543,0,439,1233,899,495,259,72,461,208,0,78,11,"2","t78"
"79",20,0,31,364,61,1053,881,628,3755,24,767,577,277,624,1368,2,196,1059,34,1171,3216,1548,109,269,562,183,729,0,195,22,119,185,86,619,2,1323,359,106,48,7,699,1372,474,14,678,29,319,649,0,457,1579,956,182,232,119,374,217,7,112,3,270,122,50,509,0,2224,361,829,1,12,1077,1252,416,2,547,32,210,771,0,536,1640,680,164,194,204,403,470,3,0,7,"2","t79"
"80",7,18,57,491,9,678,432,859,6928,17,1032,404,72,23,570,15,216,1462,0,1087,3226,1122,140,273,503,168,879,3,181,217,363,444,114,596,6,2240,79,275,0,14,679,1347,367,10,486,10,252,590,9,406,1581,907,162,162,40,456,514,31,5,2,278,619,126,533,4,1883,144,426,0,9,713,1175,436,34,1151,28,220,703,0,548,1783,433,379,288,186,414,181,0,57,15,"2","t80"
"81",971,292,2,742,0,560,9,741,0,24,639,903,662,162,481,2,575,716,0,700,1675,1030,205,359,271,25,410,0,65,24,604,279,133,696,10,1447,147,752,70,27,559,1228,495,6,452,47,233,574,0,318,1629,903,346,387,150,389,531,0,397,81,431,237,74,545,156,1761,82,511,42,25,686,1358,497,36,645,14,257,475,0,373,1365,352,282,326,190,424,585,0,47,210,"2","t81"
"82",944,0,32,654,0,548,12,579,0,11,825,728,794,0,196,27,391,654,0,539,1375,1021,288,472,622,67,646,0,370,0,257,221,64,661,165,3016,19,524,238,13,666,1279,386,7,292,105,290,701,19,118,1451,776,389,373,187,469,171,0,17,15,189,349,75,601,2,1666,210,341,0,6,857,1325,353,8,521,46,248,687,1,278,1399,650,588,416,275,525,456,0,5,47,"2","t82"
"83",913,342,52,520,26,1031,86,725,20,144,269,1127,320,25,1831,7,575,532,0,640,2392,712,116,398,284,197,142,1,34,0,313,194,119,659,13,1425,58,547,4,17,595,1306,465,0,446,19,241,325,1,339,1820,122,271,114,72,435,739,0,103,66,138,251,138,664,0,1407,468,749,1,8,832,1561,498,30,991,14,236,407,0,312,1743,325,304,348,379,556,729,0,6,24,"2","t83"
"84",468,154,86,581,0,812,7,744,4,64,402,1234,271,0,3040,17,242,738,0,596,2130,557,20,139,258,36,602,1,230,2,65,582,57,599,12,1725,227,360,30,7,833,1144,439,44,542,17,171,594,0,478,1781,592,267,89,228,208,721,4,573,22,97,446,64,641,5,1504,53,464,13,4,633,1442,402,8,1139,2,202,528,4,350,1416,828,164,175,120,235,430,0,153,58,"2","t84"
"85",883,1020,12,640,0,3845,404,37,247,16,548,520,251,12,281,4,226,767,0,1069,1733,230,241,446,108,49,488,5,53,19,333,254,124,580,1,1163,28,671,0,14,658,1278,447,83,863,22,224,672,0,446,1637,709,305,245,131,704,393,0,431,62,464,231,125,621,0,2201,31,146,60,6,974,1247,381,0,530,28,226,499,1,325,1415,935,359,234,226,210,639,0,148,14,"2","t85"
"86",1606,573,2,550,3,2771,1876,185,383,24,1175,383,159,4,164,1,219,451,0,1352,1339,432,277,103,540,66,256,11,271,0,177,359,62,592,2,1383,27,610,20,16,914,1048,498,28,238,42,264,686,0,336,1217,945,394,143,125,662,523,0,75,177,28,396,204,672,0,2775,1688,462,2,23,927,1329,372,18,461,60,283,523,0,288,1522,745,246,137,117,365,384,0,406,210,"2","t86"
"87",900,104,47,532,9,1772,6096,733,661,20,1106,331,184,0,353,4,179,361,0,1328,1841,483,348,369,429,64,753,20,5,34,142,317,53,666,0,1287,14,771,0,21,824,1258,437,22,590,37,259,829,24,279,1681,802,121,194,162,620,377,21,362,3,428,259,70,631,0,1677,54,149,0,11,564,1383,477,11,456,20,196,716,0,268,1208,695,275,140,151,193,829,0,65,2,"2","t87"
"88",26,14,29,645,0,2523,13242,718,1650,32,1142,365,285,15,364,2,173,271,29,1241,1793,387,328,365,540,1,238,9,13,0,226,370,90,497,22,2049,513,363,11,10,883,1272,379,12,566,18,189,952,0,499,1332,670,201,228,265,380,973,0,9,44,253,54,169,511,1,1936,72,676,31,12,722,1182,190,4,704,65,240,700,3,614,1575,624,179,339,169,453,825,2,89,117,"2","t88"
"89",548,544,3,1038,10,1768,626,766,481,61,807,2590,347,4,1147,8,191,759,0,407,1911,294,64,172,481,111,1511,0,183,8,120,359,137,556,1,1693,9,443,0,10,599,1089,411,4,770,9,195,333,10,460,1698,519,261,242,140,575,628,0,46,23,343,489,63,615,1,2382,550,608,61,4,684,1350,373,33,1073,54,218,555,0,511,1834,480,172,395,43,316,1142,0,2,33,"2","t89"
"90",607,65,17,1043,1,1504,1580,848,134,20,288,3189,301,1,314,5,354,479,3,362,2387,588,112,483,484,145,1981,0,283,0,883,264,50,644,0,1309,116,570,0,18,586,1124,380,55,781,9,220,828,1,253,1525,716,138,285,147,235,642,0,351,16,239,236,155,551,0,2643,391,758,28,4,695,1254,352,54,673,34,287,651,2,435,1445,813,458,539,331,391,922,0,74,73,"2","t90"
"91",373,174,156,696,76,1660,253,497,447,105,83,517,353,83,617,19,259,598,13,559,2463,513,66,28,465,153,1367,8,149,28,79,132,149,557,5,1744,256,564,1,22,567,1174,230,15,830,9,184,535,0,516,1516,758,299,425,265,495,581,0,45,34,253,418,175,589,19,2052,819,548,43,16,659,1187,443,1,773,20,229,644,0,430,1586,942,90,61,110,160,796,0,161,25,"2","t91"
"92",109,244,138,732,5,1364,2765,562,424,79,110,2167,282,86,2763,47,201,923,0,592,2986,471,71,175,382,80,1137,0,885,19,337,148,65,649,39,1316,481,360,30,2,846,1258,241,20,652,94,199,480,30,386,1552,502,356,364,191,172,673,0,560,13,114,152,157,602,0,1805,69,424,28,23,1072,1191,338,0,214,21,200,814,0,324,1368,710,432,349,200,444,735,0,31,44,"2","t92"
"93",1545,316,14,237,7,1902,2994,832,868,24,258,1900,184,14,986,4,210,236,0,369,1777,773,211,439,647,9,3089,0,211,0,197,371,82,637,5,2604,557,368,5,30,703,1235,395,32,445,39,249,540,0,599,1767,821,209,514,356,340,519,0,145,4,398,430,189,573,0,2234,5,751,115,6,661,1304,389,14,407,42,207,389,7,325,1453,757,305,323,269,554,617,0,412,0,"2","t93"
"94",1474,945,8,336,0,2785,5014,805,543,23,455,1337,345,72,295,7,262,335,0,667,1915,502,237,395,516,18,1341,7,168,30,249,266,17,684,135,1715,495,450,0,10,682,1275,437,11,523,5,270,391,0,376,1411,485,165,181,100,420,944,0,325,24,241,34,161,550,0,1404,209,362,24,39,746,1138,440,51,555,15,246,338,1,554,1620,442,170,291,94,322,517,0,119,21,"2","t94"
"95",1070,110,16,625,0,1510,1005,840,7,7,263,2534,114,0,463,13,262,942,1,370,1411,482,411,681,584,36,1395,0,126,0,101,354,141,664,0,1175,20,414,212,16,793,1164,520,0,135,7,267,520,0,296,1359,805,131,286,175,277,602,0,4,222,123,178,82,528,0,2229,1003,464,8,8,715,1184,413,2,784,44,241,604,0,535,1830,824,321,302,82,335,826,1,147,76,"2","t95"
"96",688,178,9,749,5,2849,1542,832,1,12,128,2033,277,0,704,4,222,661,1,503,2035,461,84,159,475,25,661,0,117,0,255,123,23,687,0,2874,5337,569,41,45,638,1156,420,18,518,0,279,484,0,524,1807,781,378,188,206,120,171,0,65,93,707,266,120,565,24,1283,186,585,4,20,647,1236,432,54,358,23,239,448,27,390,1343,928,354,456,226,195,360,0,212,185,"2","t96"
"97",790,487,242,1120,1,390,517,794,1482,20,863,546,499,115,887,5,214,163,0,496,684,963,84,202,102,14,678,29,512,95,243,410,90,708,10,961,468,644,0,9,648,1279,470,2,675,80,239,481,4,356,1734,919,361,287,223,461,1029,0,317,9,112,695,162,650,19,1374,194,554,0,10,970,1206,333,33,559,57,253,283,0,466,1621,757,405,200,112,380,361,0,11,15,"2","t97"
"98",1534,120,241,997,0,205,1839,647,194,27,664,652,425,50,1111,6,200,10,2,534,224,856,110,199,235,0,193,20,500,104,147,31,116,710,0,1823,505,436,463,35,678,1342,436,29,525,3,198,548,2,411,1413,378,109,511,227,170,399,0,10,5,580,281,149,657,2,1460,221,704,5,30,484,1273,466,123,686,3,203,454,24,478,1433,495,371,288,215,160,706,1,221,41,"2","t98"
"99",4981,112,67,1114,0,1120,426,759,1590,12,1038,648,377,13,197,7,241,153,2,588,344,600,46,32,251,34,359,5,398,98,490,316,121,532,13,2858,321,669,2,8,685,1198,340,0,158,12,219,494,0,557,1522,689,202,262,207,594,301,0,38,70,411,127,120,566,0,1870,193,128,0,18,909,1325,408,31,428,21,204,618,0,402,1791,462,500,244,194,437,1441,0,109,112,"2","t99"
"100",3656,0,172,1309,26,681,461,599,1347,30,711,1017,260,39,274,4,283,35,37,447,218,782,55,286,689,17,22,12,327,3,172,194,90,603,0,2014,7,393,7,11,906,1178,446,0,457,16,194,455,0,348,1575,770,182,159,92,588,750,19,12,56,153,317,76,565,0,2205,535,561,69,22,682,1426,351,34,661,6,236,810,0,363,1514,717,176,270,155,372,1657,0,40,3,"2","t100"
"101",2502,211,128,940,0,427,378,790,1787,6,365,704,687,282,295,31,298,74,31,492,1698,938,72,304,379,10,192,24,857,138,232,302,129,493,185,1603,176,414,0,10,574,1182,315,34,633,15,210,401,0,607,1523,481,233,132,86,376,208,0,3,136,101,208,127,525,0,1649,333,557,1,7,783,1184,406,7,456,2,248,717,0,328,1176,710,184,288,70,344,431,18,199,169,"2","t101"
"102",1951,3,86,1391,0,620,18,828,0,5,190,1310,665,0,151,0,296,3,38,401,959,465,510,191,380,5,176,73,434,73,756,287,49,590,3,1230,136,214,0,22,497,1114,443,1,1215,3,252,596,0,510,1468,743,105,176,163,136,466,0,51,24,184,782,164,645,1,2103,561,413,0,15,837,1427,175,3,308,14,259,608,0,309,1496,816,306,162,121,503,1451,0,83,56,"2","t102"
"103",2226,26,54,1346,135,164,70,758,1,6,295,592,222,63,139,0,294,18,34,700,553,672,810,279,40,1,789,40,573,236,214,183,132,719,0,1153,613,450,144,27,758,1314,428,21,638,3,273,503,4,411,1703,428,201,371,195,471,534,0,267,15,126,141,13,625,69,2056,40,696,3,6,864,1347,405,0,409,3,278,638,25,180,1434,1075,320,195,202,295,235,0,70,13,"2","t103"
"104",1787,50,190,1393,0,1863,14,834,4,39,808,526,309,1,98,1,307,26,6,993,1872,1063,784,297,292,17,58,25,550,141,51,202,63,546,99,1681,105,352,1,15,871,1295,397,12,148,4,194,570,1,370,1286,480,381,93,332,371,532,0,18,216,389,308,192,542,29,1421,362,436,14,6,729,1395,489,33,747,67,235,732,0,199,1727,858,226,171,203,570,1151,2,12,82,"2","t104"
"105",60,949,108,1152,1,1342,1975,141,1601,52,761,887,200,22,767,1,230,214,1,649,2313,955,131,165,170,35,47,9,18,26,174,197,26,574,0,638,52,812,1,11,639,1133,471,93,243,5,302,402,0,301,1601,469,224,116,103,266,526,0,173,7,110,362,25,495,1,2261,793,608,0,15,769,1203,228,68,902,3,241,675,11,193,1639,208,342,301,106,556,598,0,131,27,"2","t105"
"106",83,229,72,776,0,1666,1248,309,1157,22,672,1296,392,69,268,3,331,247,0,646,1766,669,187,319,442,111,243,8,62,41,172,272,8,577,0,1747,3495,439,21,12,734,1238,189,3,882,15,219,594,0,170,1625,926,337,103,61,313,1395,0,45,389,452,494,126,610,0,2767,266,149,0,5,887,1287,388,18,637,6,280,663,0,482,1524,725,260,125,137,559,394,0,43,13,"2","t106"
"107",1224,728,664,1118,0,1331,119,411,32,30,822,411,215,1,206,35,228,105,0,832,1375,658,489,107,428,81,478,15,273,95,324,737,147,636,0,956,299,526,3,29,766,1386,465,0,473,19,180,500,6,315,1600,909,197,54,94,490,1798,1,22,13,462,247,155,549,0,2334,301,555,0,20,606,1239,356,14,1142,2,242,782,0,544,1510,921,440,419,262,188,751,0,524,11,"2","t107"
"108",93,219,1256,1460,19,1266,187,829,3911,35,1107,1013,299,0,61,1,260,259,2,523,1374,774,99,58,640,122,315,38,3,1,105,47,96,693,1,1416,139,345,1,48,728,1129,507,1,591,2,268,307,43,362,1243,393,352,407,170,415,983,2,312,35,291,669,62,561,12,1804,1048,465,1,20,773,1321,442,83,445,6,260,581,17,200,1550,185,241,130,89,419,552,0,447,2,"2","t108"
"109",2037,463,746,1300,0,1457,167,234,1101,47,475,1325,412,24,742,63,528,272,0,425,1686,807,58,47,216,16,445,0,8,0,719,283,106,529,26,1483,91,717,63,18,395,1155,160,48,761,7,192,392,7,162,1475,710,120,243,115,289,583,0,291,16,427,354,20,665,3,2503,28,515,18,21,799,1430,140,42,822,81,237,732,3,469,1894,969,326,286,90,576,703,1,204,67,"2","t109"
"110",1111,136,163,1266,0,822,1269,393,3029,26,923,1424,267,47,163,2,288,290,0,422,1404,68,137,74,486,20,46,13,21,44,253,543,78,616,0,1539,255,358,0,5,631,1428,338,30,484,22,197,419,0,228,1500,658,353,372,240,650,323,0,197,110,519,166,150,618,40,2118,591,539,3,6,404,1309,372,1,710,25,276,582,33,250,1656,737,383,404,289,277,579,0,331,10,"2","t110"
"111",153,94,409,661,0,816,439,252,1146,54,683,726,719,213,259,17,433,376,0,635,1630,131,35,41,492,5,333,1,43,1,255,371,48,639,0,1652,951,123,2,32,769,1159,446,32,705,13,279,658,1,479,1632,581,183,255,192,294,481,0,192,1,708,626,85,514,6,1798,114,567,8,38,715,1109,324,11,736,26,266,635,0,590,1483,252,231,196,81,478,908,0,29,164,"2","t111"
"112",211,11,211,840,1,951,354,239,1935,272,554,1465,700,135,412,4,274,313,0,369,1550,839,31,106,618,32,110,7,49,3,605,497,124,572,19,1886,203,409,22,25,805,1241,207,19,476,52,269,495,57,237,1744,243,258,215,46,595,758,0,148,74,360,342,177,593,2,2431,899,636,26,12,765,1284,408,7,781,22,232,425,0,562,1779,780,319,401,139,429,332,0,9,24,"2","t112"
"113",1136,1062,112,1183,0,1025,460,141,1025,30,1046,423,77,217,70,40,1183,279,8,895,1674,141,122,52,290,2,173,7,0,184,35,338,36,522,0,1656,69,661,152,9,717,1235,440,27,678,6,178,574,0,343,1233,289,344,161,114,227,597,0,118,70,395,308,158,670,0,2093,287,722,4,10,873,1511,165,51,502,12,272,630,0,495,1719,686,252,104,206,320,1143,0,80,41,"2","t113"
"114",51,392,16,989,0,787,443,202,217,5,899,671,367,38,78,15,730,199,0,1136,2102,573,579,96,164,12,104,21,5,35,490,333,130,725,0,1453,990,583,62,35,657,1304,391,43,420,5,265,191,9,412,1696,491,88,290,179,115,596,0,470,19,314,715,181,546,9,2451,300,420,291,9,747,1313,337,21,543,10,231,460,0,621,1446,613,324,147,132,581,214,0,35,17,"2","t114"
"115",355,157,61,1071,0,1770,4414,376,304,36,572,1159,43,230,161,29,1161,65,0,649,1463,61,193,452,478,5,288,4,107,11,206,320,23,488,0,1553,80,587,0,11,720,1077,369,3,677,6,221,521,0,640,1464,356,199,202,51,293,906,0,6,154,524,576,131,647,1,1903,2243,655,0,16,623,1116,394,6,755,6,269,734,0,471,1709,915,193,346,165,309,331,0,25,7,"2","t115"
"116",1767,48,247,1240,0,1668,1480,342,298,49,493,1209,100,87,680,3,945,79,0,565,1401,89,549,172,364,2,407,9,53,5,439,102,40,753,4,1123,155,682,0,13,787,1339,436,13,438,51,230,555,0,309,1278,621,145,391,98,311,1052,0,11,26,312,681,93,636,0,2804,42,330,0,3,651,1328,333,10,452,27,249,463,5,358,1620,870,541,384,89,391,394,0,0,37,"2","t116"
"117",1705,270,341,910,10,1886,1905,126,98,27,542,240,235,937,798,9,247,101,0,1609,1765,373,63,60,192,12,74,48,1489,5,352,443,40,640,31,1181,108,298,40,23,809,1285,401,1,866,7,261,574,0,310,1865,875,153,270,126,275,502,0,293,56,257,820,11,590,0,2161,257,627,0,9,663,1333,425,1,638,14,236,884,0,344,1576,423,221,158,182,205,811,1,4,133,"2","t117"
"118",2284,251,432,976,0,719,861,177,32,6,235,265,302,103,768,1,236,212,1,1494,1608,409,33,162,530,15,81,43,565,72,97,597,183,566,23,728,25,413,28,5,547,1405,520,25,626,23,246,546,0,331,1913,350,129,408,190,663,665,0,13,151,370,147,118,524,3,1755,31,429,113,5,766,1307,236,22,672,46,195,754,0,269,1695,483,170,178,179,585,728,4,18,39,"2","t118"
"119",1572,987,69,704,15,1506,532,719,19,33,263,409,80,9,958,9,291,131,0,1167,2426,349,54,206,11,1,105,20,0,6,291,530,115,741,3,1639,414,716,19,33,653,1285,270,1,497,45,308,756,0,290,1832,688,175,214,59,321,638,0,64,16,89,576,97,587,9,1548,71,615,0,18,598,1386,512,0,563,87,216,608,0,268,1611,572,134,187,183,576,1432,0,44,24,"2","t119"
"120",1904,817,181,883,1,1359,80,565,0,11,207,295,415,335,932,2,247,233,0,1015,2927,266,58,234,70,17,307,0,246,0,443,668,10,583,4,1686,710,536,68,29,848,849,470,55,421,21,223,699,1,195,1667,620,165,125,225,462,478,0,75,108,293,274,54,589,0,2091,914,762,69,32,709,1429,227,0,516,28,246,737,0,363,1328,725,398,363,369,604,787,0,288,19,"2","t120"
"121",852,434,1348,1152,0,1378,1213,262,6,90,471,1459,68,25,4176,0,272,181,0,614,1916,51,113,407,118,661,328,1,301,86,253,738,42,559,0,1190,51,434,33,8,687,1273,417,9,352,11,267,792,6,208,1692,679,111,117,126,325,515,0,33,26,103,364,191,585,3,1686,235,272,5,11,779,1277,321,12,642,17,234,708,0,400,1759,373,219,172,76,601,996,8,343,10,"2","t121"
"122",1510,162,3923,1350,0,910,790,410,1,45,362,687,436,5,7172,13,274,66,0,657,727,503,38,107,44,103,408,0,490,22,494,121,52,579,0,3117,90,511,1,8,868,1255,373,15,761,4,255,316,0,583,1931,943,145,201,86,202,675,0,22,15,171,361,111,656,0,1315,175,645,9,29,799,1377,204,0,1061,21,214,456,0,464,1669,845,337,379,119,329,240,7,148,59,"2","t122"
"123",1191,577,260,1012,2,1802,1658,297,193,52,449,949,499,23,6447,0,134,137,4,425,2694,344,57,166,284,153,392,0,323,23,98,471,46,537,3,2324,25,579,1,30,626,1275,187,11,751,35,214,541,0,196,1707,766,247,292,228,464,1558,10,83,17,249,644,32,683,6,2587,211,552,0,7,677,1234,410,13,518,35,244,370,1,553,1325,597,499,298,33,614,415,0,290,137,"2","t123"
"124",2376,535,99,962,5,2600,8935,240,247,22,236,978,86,108,5911,1,56,221,0,371,1668,426,82,365,118,115,669,0,584,2,563,248,137,615,0,1533,125,732,137,20,789,1306,445,10,252,61,290,463,0,258,1435,799,319,170,336,289,188,0,29,26,393,331,22,612,178,1924,65,688,0,14,760,1256,276,19,435,27,233,502,0,234,1471,539,389,380,425,292,311,0,13,28,"2","t124"
"125",1585,168,1661,1151,0,436,365,307,1018,125,381,727,1074,339,4481,1,377,92,0,439,128,895,126,211,13,10,134,7,865,21,131,283,138,696,0,2355,165,108,7,8,800,1281,342,7,432,5,263,151,0,533,1036,851,286,321,199,41,502,0,264,309,476,703,86,457,0,2427,54,600,4,4,820,1243,388,9,335,20,195,412,0,649,1571,874,572,270,270,490,487,3,49,13,"2","t125"
"126",1005,222,1901,1282,0,658,243,676,1613,168,351,1322,467,48,4344,0,242,90,2,362,229,382,28,91,4,10,1212,10,544,42,180,328,96,735,92,1060,149,428,0,6,751,1282,510,6,337,134,272,579,1,317,1613,630,331,136,122,352,359,0,169,85,620,170,27,503,0,2311,183,423,135,9,948,1004,353,0,526,12,241,586,0,362,1559,582,360,324,153,324,475,0,208,82,"2","t126"
"127",395,698,1443,1171,0,1112,170,698,397,65,323,1020,214,108,1154,6,660,86,0,967,2054,194,46,23,2,56,177,0,3,47,195,435,16,596,0,3473,1447,449,11,26,820,1132,135,1,445,46,237,834,0,623,1573,905,390,429,382,253,391,0,378,9,436,219,15,645,72,1662,429,558,0,19,690,1334,285,61,733,6,243,657,1,242,1628,264,273,161,216,147,235,0,350,146,"2","t127"
"128",1554,819,1555,1407,3,970,75,373,59,120,452,937,288,80,485,21,998,110,10,687,1134,160,11,12,1,53,355,0,268,72,340,348,85,690,0,2048,911,396,7,6,666,1525,423,1,371,9,284,525,0,154,1334,706,385,284,143,324,470,0,225,70,409,139,172,544,0,2474,20,114,27,19,925,1310,237,2,694,12,249,638,59,469,1949,614,150,200,183,319,805,13,14,41,"2","t128"
"129",860,372,181,424,90,380,68,536,14,13,91,576,894,127,158,131,385,515,922,338,81,1839,168,347,45,628,87,13,1742,127,331,674,28,654,22,1218,91,561,0,14,882,1073,464,14,449,47,227,412,2,310,1315,546,401,274,169,467,283,0,431,175,93,249,114,368,42,382,8,158,61,31,266,462,71,21,88,109,247,348,158,112,563,284,63,85,97,313,315,1,19,93,"1","t129"
"130",1447,40,125,649,13,126,14,853,121,34,73,456,1406,420,28,33,297,147,783,299,556,2252,95,118,422,149,109,9,328,17,459,247,112,690,0,1695,11,476,24,45,880,1538,437,17,678,21,190,585,0,366,1416,899,538,252,161,491,1504,0,198,13,313,190,73,407,11,485,401,437,29,9,303,490,113,6,254,115,255,421,1,160,1045,376,396,304,306,82,216,0,230,8,"1","t130"
"131",457,2,285,704,5,456,15,840,0,21,208,454,692,0,87,73,1032,427,372,1262,354,1884,201,134,415,272,116,6,234,76,485,353,59,634,0,1820,80,505,11,30,629,1273,474,10,658,29,223,424,5,411,1519,883,447,195,86,589,631,0,227,25,386,428,125,548,3,159,153,625,156,40,394,763,108,31,200,28,298,427,1,168,1004,414,168,188,277,78,257,12,122,24,"1","t131"
"132",1086,541,416,663,20,300,29,809,4,15,124,535,419,156,292,38,306,45,28,904,248,1389,194,159,97,255,226,20,479,29,408,481,86,619,4,1671,405,136,0,16,551,1186,235,18,771,5,226,525,0,330,1289,512,236,324,208,470,331,0,17,79,141,337,161,435,33,664,401,272,171,74,388,766,139,20,124,88,149,375,1,400,757,564,203,214,159,380,159,5,107,194,"1","t132"
"133",35,2,592,709,16,75,1,853,5627,16,553,597,1015,10,300,278,254,451,55,136,565,3788,142,398,311,514,64,0,65,58,124,327,52,695,2,2508,3397,513,86,31,748,1258,386,1,1147,17,275,273,0,482,1483,297,287,310,227,224,334,0,2,45,132,389,67,397,15,757,260,207,151,7,220,802,115,22,106,22,300,337,0,109,933,407,336,52,142,332,362,0,181,142,"1","t133"
"134",11,77,253,592,3,81,6,855,23922,49,162,457,991,535,58,126,98,218,60,783,758,2370,128,359,445,76,122,1,258,164,271,501,122,594,0,1525,74,421,0,8,847,1110,282,15,564,45,243,433,7,473,1424,641,348,431,78,581,554,0,1,51,264,341,161,581,27,393,116,413,124,24,345,271,127,40,76,8,145,327,73,38,725,196,145,116,142,289,282,1,9,110,"1","t134"
"135",148,352,216,424,4,216,15,875,262,12,900,357,1264,137,272,96,544,339,259,673,2,2097,474,420,138,411,117,0,56,203,353,324,127,655,18,1445,269,476,0,19,565,1234,284,14,539,22,327,504,0,420,1294,587,393,361,116,548,277,0,72,10,154,77,95,543,26,434,117,664,2,37,205,414,437,50,89,18,323,296,1,363,77,490,187,204,267,579,302,1,169,9,"1","t135"
"136",283,216,228,530,0,48,38,794,17,10,715,438,1376,325,146,23,552,336,313,261,186,2440,47,218,148,380,191,0,128,32,327,357,75,617,0,1564,1531,505,3,15,794,1152,189,48,668,52,258,591,10,662,1385,592,244,302,115,434,448,1,136,4,341,312,97,661,86,595,134,258,90,42,203,627,258,91,679,15,250,231,104,395,807,420,65,233,61,213,361,7,36,11,"1","t136"
"137",1404,0,486,1092,26,193,3,841,0,25,887,495,522,131,712,7,266,179,6,356,10,1529,197,306,367,156,418,0,461,10,97,334,161,740,0,1059,4,481,0,4,849,1131,437,49,533,14,233,587,0,401,1355,647,451,435,292,585,728,0,2,117,301,261,79,532,2,1820,392,381,80,3,778,897,405,15,698,13,242,639,1,265,1590,718,347,195,122,560,484,0,82,100,"2","t137"
"138",968,0,248,784,21,295,2,851,0,15,778,409,682,5,710,35,255,306,95,351,0,1164,1338,473,333,260,573,0,268,32,297,111,116,567,0,1779,138,527,13,24,753,1219,382,42,634,17,291,333,0,578,1587,934,145,154,52,572,153,0,46,31,412,423,126,613,0,1921,520,430,11,13,760,1323,157,1,1037,3,259,740,0,465,1561,576,308,246,111,237,672,24,99,93,"2","t138"
"139",1250,1,722,966,22,383,288,691,5,64,271,471,428,9,1454,38,250,318,0,466,65,1323,87,97,432,48,167,0,744,105,207,426,53,526,0,1589,58,155,0,11,881,1094,436,13,580,13,174,538,0,592,1353,686,214,149,145,507,677,0,40,223,795,181,4,495,0,3670,439,788,0,17,942,1954,398,8,1515,1,174,803,1,450,2211,927,344,369,225,498,1912,0,201,1,"4","t139"
"140",250,7,597,755,65,617,14,781,0,63,740,233,365,62,818,22,282,241,2,243,373,2131,81,164,465,378,98,1,233,12,237,279,106,657,1,1852,58,454,84,3,792,1345,377,25,449,53,272,517,11,534,1301,993,506,429,114,108,267,0,80,5,290,624,35,493,0,5302,6948,797,0,10,993,1736,342,2,1631,8,175,1047,0,495,2328,873,479,368,206,140,1415,0,768,4,"4","t140"
"141",1004,259,249,717,20,198,0,591,269,6,380,354,628,27,452,38,244,284,29,666,69,614,70,45,401,260,205,0,553,192,203,381,36,571,9,1479,312,511,54,13,547,1225,244,10,560,11,252,424,77,679,1457,529,191,165,146,191,281,0,138,14,565,590,108,547,0,3498,57,481,39,0,1105,1270,256,21,697,16,237,848,0,576,1843,733,514,270,222,437,258,0,245,45,"2","t141"
"142",2400,81,190,979,33,357,40,659,0,33,135,352,297,0,1827,35,213,243,194,628,1236,1006,105,163,147,441,252,0,1376,82,311,118,53,653,1,1268,222,285,0,28,778,1295,254,1,723,73,299,555,0,474,1482,236,429,378,91,653,744,0,3,130,255,454,139,454,0,3986,230,812,62,23,1239,1772,381,0,1368,1,171,950,0,448,2074,832,417,271,224,107,1967,0,5,9,"4","t142"
"143",221,63,323,734,0,333,13,589,0,29,1251,538,516,17,832,36,223,459,69,832,109,1813,72,149,379,297,171,0,239,27,265,279,144,555,11,1829,122,506,0,3,509,974,427,29,926,18,189,462,0,521,1634,883,293,138,62,409,602,0,104,13,178,128,85,446,0,3568,1378,777,8,3,1330,1589,355,0,1272,2,182,848,0,432,1933,276,450,402,245,222,545,0,3,7,"4","t143"
"144",6,3,217,746,4,1233,266,709,201,19,762,981,396,155,1702,192,561,402,0,1063,0,1034,84,336,336,666,107,1,703,62,258,444,96,569,0,1981,1481,323,12,7,689,1256,449,10,397,60,285,342,0,365,1654,500,237,275,88,451,246,2,142,122,367,486,136,574,26,656,312,220,15,27,453,905,209,2,197,108,263,474,63,377,1193,410,169,207,113,287,223,0,207,12,"1","t144"
"145",2004,2,71,737,65,200,273,477,9,9,431,393,1208,1116,230,9,207,97,8,377,312,489,86,152,1142,13,187,0,633,0,361,244,66,597,6,1142,25,521,16,7,757,1240,396,21,621,13,266,521,3,489,1316,476,237,208,10,255,470,0,22,53,220,35,48,443,56,505,126,369,0,48,218,503,666,79,180,60,305,330,58,186,708,465,39,154,214,260,277,2,46,205,"1","t145"
"146",1456,145,145,894,101,447,62,793,33,11,134,499,435,41,433,26,241,70,0,513,471,923,48,41,180,83,310,0,468,2,100,134,115,727,24,2155,182,533,20,14,789,1170,449,107,360,94,310,552,0,407,1682,724,197,44,52,566,593,0,164,224,467,87,96,517,30,335,45,125,121,82,70,519,191,106,368,27,235,270,8,110,1124,503,104,340,304,238,121,10,407,84,"1","t146"
"147",2286,168,899,1122,0,241,97,133,3184,22,811,633,442,2,313,51,308,204,16,222,421,322,186,136,443,32,185,1,56,4,147,413,64,602,0,2344,53,458,1,26,658,1263,382,35,641,20,245,863,3,218,1421,898,385,497,179,325,732,0,102,13,93,308,190,224,111,95,100,96,74,17,259,850,198,166,299,81,296,528,55,355,258,655,186,311,336,296,331,0,83,63,"1","t147"
"148",1537,296,439,931,25,706,46,808,0,28,200,1202,362,0,118,34,306,259,17,334,450,291,348,173,217,172,498,0,113,32,492,44,104,626,0,2266,95,410,1,40,826,1151,405,4,262,19,252,488,0,483,1583,758,274,150,195,90,972,0,121,77,249,145,95,499,9,267,286,465,0,56,320,717,261,63,137,14,247,292,85,132,1127,391,346,79,111,184,294,0,114,155,"1","t148"
"149",8,1033,1773,1144,0,102,1627,412,10900,25,1174,1067,500,108,96,8,221,182,0,375,272,886,362,103,1247,13,147,39,97,22,369,138,149,658,9,2103,1877,434,68,8,869,1188,411,0,559,54,317,397,17,551,1574,905,162,285,26,263,462,0,487,41,276,260,194,622,2,2222,672,799,90,29,898,1443,429,52,682,2,303,617,0,362,1724,974,393,202,63,192,346,0,38,34,"2","t149"
"150",1543,134,720,558,0,112,980,94,2021,56,122,522,1097,560,186,54,285,252,67,512,494,1110,69,123,982,43,111,16,441,35,613,442,113,586,13,1559,346,676,0,26,612,1218,385,11,944,26,198,441,1,575,1674,400,329,389,62,202,641,0,11,5,168,758,52,538,1,1921,235,707,7,15,715,1230,533,18,1008,5,215,590,0,506,1778,666,306,274,118,537,657,0,184,26,"2","t150"
"151",503,138,254,1092,0,790,204,412,472,19,747,972,602,13,213,13,274,279,0,495,884,1241,154,166,645,75,230,0,41,1,79,151,88,609,23,930,143,494,2,9,700,1104,387,27,604,26,255,353,29,598,1729,909,193,121,145,452,144,5,164,9,270,140,169,481,0,3486,156,847,0,6,1222,1731,373,3,1127,19,175,1002,0,394,2121,817,542,433,272,500,2443,0,5,63,"4","t151"
"152",187,103,541,703,0,525,1604,708,71,5,643,334,359,622,237,40,307,92,22,1291,1165,587,63,97,528,278,97,7,6,48,300,256,64,710,5,1421,235,409,0,3,601,1302,433,14,501,4,219,605,0,186,1663,870,180,340,262,388,937,0,407,97,945,414,124,519,0,4176,919,806,0,9,1170,1699,360,3,1291,13,190,859,0,494,2179,498,558,328,177,216,1664,0,423,5,"4","t152"
"153",355,283,334,1125,0,1180,1196,646,3853,15,848,1502,956,41,2302,12,570,108,0,384,1569,2134,49,251,282,182,226,3,267,9,280,700,143,682,22,2849,472,415,0,17,699,1199,381,34,524,19,236,601,0,266,1403,809,491,232,84,555,91,0,523,13,362,163,138,442,8,450,298,389,19,10,134,734,93,5,332,23,279,256,2,137,917,534,127,199,276,88,496,22,209,3,"1","t153"
"154",237,166,135,58,13,1738,1135,601,506,40,360,1424,404,69,2546,21,313,183,0,323,1303,1420,50,653,284,93,417,0,14,0,55,126,50,628,0,2403,86,111,3,51,815,1169,388,7,433,5,298,317,6,664,1501,930,417,236,153,495,519,0,48,78,334,12,24,601,18,453,5,327,46,24,83,287,262,3,289,44,312,285,50,516,298,596,112,471,368,267,325,32,144,210,"1","t154"
"155",1657,56,1522,1193,3,555,476,513,4751,49,319,1316,1306,34,7870,3,175,249,6,57,1062,1859,48,352,346,142,799,0,81,0,89,276,2,620,0,2915,13,714,0,15,962,1179,394,65,545,26,295,748,0,672,1133,769,446,78,279,100,391,0,209,77,138,203,78,367,35,374,18,334,158,37,218,533,130,5,117,27,292,157,5,398,865,370,419,360,67,65,116,7,372,100,"1","t155"
"156",227,16,2828,468,17,703,741,807,648,10,110,1229,1202,62,9030,7,182,210,0,189,1394,1244,243,737,328,243,580,0,173,0,336,238,27,655,0,1906,615,693,304,5,684,1271,419,79,399,74,242,478,0,552,1570,280,321,182,181,307,1132,0,63,134,220,140,79,384,0,359,130,447,18,14,132,643,578,35,208,12,165,116,23,296,953,402,61,149,87,445,355,13,81,38,"1","t156"
"157",1005,621,807,440,23,444,12,682,1381,19,599,424,372,696,1082,16,207,364,5,118,960,1016,256,51,102,376,262,0,31,0,324,97,48,509,2,1917,755,543,10,15,681,1275,191,28,391,53,258,675,8,498,1498,795,230,324,53,514,330,0,579,19,258,434,127,480,0,3894,349,708,0,7,1299,2057,378,1,1007,1,172,764,0,451,2312,1048,487,365,213,377,1651,0,0,85,"4","t157"
"158",722,94,664,1141,48,131,15,669,5,50,801,689,1494,70,1744,24,247,293,3,57,638,860,573,99,114,326,229,0,156,4,342,314,98,677,10,1591,1523,564,1,7,561,1169,396,31,361,58,215,513,25,247,1440,591,267,325,370,506,1055,0,15,28,855,357,177,465,0,3226,571,812,0,10,1086,1698,396,39,1459,20,166,758,3,422,1909,954,556,361,139,416,1158,0,251,29,"4","t158"
"159",123,375,483,212,20,169,107,639,1960,9,921,1704,1455,216,549,124,392,327,29,133,1498,2608,100,22,242,769,213,2,175,1,84,33,141,678,0,1915,133,480,168,8,958,1253,415,48,567,8,210,421,9,469,1862,602,247,283,229,467,632,1,18,177,76,786,40,498,0,3767,124,772,0,2,1218,2033,397,30,1387,34,181,905,0,425,2152,705,434,311,138,481,1314,0,0,26,"4","t159"
"160",51,227,80,471,0,308,285,560,11538,11,1200,2379,1312,78,581,9,207,279,31,51,1075,1660,353,171,417,349,730,0,8,53,209,218,104,516,0,1834,218,385,1,3,799,1192,433,2,533,44,231,707,18,232,1546,805,290,402,162,282,551,0,3,2,449,230,77,530,2,2418,488,542,58,10,731,1225,409,13,1063,16,195,345,0,389,1986,854,283,211,153,398,1393,0,7,40,"2","t160"
"161",43,8,344,583,585,1032,335,487,70,53,37,1,255,148,527,95,131,1443,16,243,59,73,297,119,102,594,280,0,598,293,247,276,65,575,0,1559,138,463,37,8,616,1240,429,14,701,65,201,707,0,177,1372,523,52,139,117,213,683,0,21,5,303,650,74,573,1,1861,654,192,37,9,753,921,372,27,654,14,204,867,9,255,1358,869,202,178,265,334,863,0,411,127,"2","t161"
"162",18,108,1039,709,41,1394,354,148,1032,60,339,216,332,197,657,57,176,965,0,414,0,215,126,50,52,704,129,0,204,2,537,523,55,588,21,1670,466,280,11,25,793,1322,397,49,724,35,238,427,5,480,1285,250,267,103,151,450,1133,3,157,70,139,615,107,647,0,1871,39,450,4,13,547,1329,442,9,850,30,196,529,0,219,1666,372,291,227,87,559,720,0,4,34,"2","t162"
"163",92,2,1188,712,131,1499,5,591,33,103,247,569,240,139,811,72,260,954,4,968,1,130,125,150,10,679,250,0,418,0,51,173,107,531,15,2023,991,218,4,10,778,1276,310,60,766,59,197,458,6,579,1612,625,203,200,118,69,714,0,37,320,122,534,25,446,0,3913,450,787,61,3,1070,1801,373,1,1178,17,194,950,10,521,2204,1019,428,339,323,463,1180,0,113,19,"4","t163"
"164",63,63,276,675,44,1415,48,345,19,76,514,258,236,0,1254,150,232,1221,1,702,0,203,32,68,45,708,178,0,952,175,245,571,119,693,0,1775,476,678,87,12,729,1121,444,33,417,51,273,324,0,549,1738,391,349,235,293,562,348,0,589,43,717,346,157,460,7,3796,263,735,0,11,1242,1438,400,6,1042,9,206,932,0,561,2061,763,549,342,130,352,1032,0,21,0,"4","t164"
"165",528,394,1642,1025,8,268,948,245,2,145,201,1,243,25,2309,94,73,316,0,247,1,49,115,128,10,513,387,0,388,401,417,556,33,579,3,1645,1408,194,4,5,579,987,398,27,608,2,252,375,23,479,1481,993,359,432,347,264,551,0,67,124,331,674,46,406,0,4299,702,494,0,4,1124,1831,377,43,1355,13,168,861,0,414,1872,793,365,316,135,433,1154,0,1,121,"4","t165"
"166",137,843,1583,752,160,745,269,162,109,53,73,1,292,787,1243,26,34,498,140,114,0,130,227,290,5,439,320,1,221,221,165,399,197,644,1,2446,367,680,16,5,755,947,377,17,237,24,273,168,22,493,1096,903,253,168,343,139,207,0,138,48,373,824,129,458,0,4514,835,646,0,8,1153,1905,278,33,1303,1,151,902,0,461,2095,1005,368,442,185,448,1676,0,3,0,"4","t166"
"167",320,921,1649,1064,49,1365,97,279,0,275,36,1,153,156,341,76,170,313,141,1,0,179,1709,208,12,354,191,0,95,49,124,180,5,668,15,2022,123,708,37,19,419,1250,398,18,456,3,231,535,2,235,1415,944,508,355,117,233,572,0,125,28,415,567,134,488,1,3915,253,549,0,9,1200,1578,358,0,1504,5,156,813,11,467,2132,871,542,356,275,222,1008,0,23,126,"4","t167"
"168",412,958,934,1015,14,1443,74,378,0,140,0,30,299,485,628,99,73,636,91,64,64,304,329,281,18,669,94,0,306,47,501,426,57,636,1,1542,555,312,0,24,753,1306,405,14,348,9,251,631,11,215,1333,682,229,156,110,628,69,0,31,44,441,216,32,673,33,842,113,526,0,19,527,1222,419,46,240,25,261,420,62,439,1301,550,222,246,171,453,1006,15,24,51,"1","t168"
"169",2521,346,384,680,484,516,0,310,0,144,32,10,398,0,896,17,180,370,0,97,59,492,183,13,66,361,541,0,531,24,238,590,29,609,0,1678,372,188,43,7,704,1086,449,21,412,175,298,593,0,334,1810,587,169,140,112,140,316,0,52,33,213,117,151,535,34,224,61,232,33,82,497,172,175,99,261,17,227,382,161,262,560,456,173,232,90,106,93,1,13,39,"1","t169"
"170",2017,146,89,870,417,749,92,230,0,150,187,58,294,0,281,21,193,313,17,17,36,427,83,15,76,317,350,0,16,0,309,279,25,720,0,1216,215,296,84,45,640,1134,447,25,585,4,332,350,0,245,1723,439,323,312,110,266,193,0,313,144,191,90,51,397,153,413,284,91,4,28,209,644,235,1,249,75,275,296,10,273,798,507,157,220,172,218,353,15,148,67,"1","t170"
"171",721,450,137,528,651,575,13,105,0,832,580,45,352,0,565,66,171,780,0,156,3,783,36,1,3,510,139,0,1,23,272,163,31,565,5,962,40,400,0,9,707,1075,508,3,585,19,255,497,35,437,1600,662,160,285,45,283,873,0,342,218,318,250,43,478,9,335,148,521,6,54,209,640,582,64,323,22,248,258,62,64,988,457,244,195,199,636,152,3,40,16,"1","t171"
"172",632,386,158,627,290,1345,84,226,0,133,727,6,299,0,1965,54,156,588,0,345,111,419,78,24,43,753,539,0,5,0,745,83,126,581,14,2094,217,344,120,17,765,1081,417,5,241,37,238,373,1,404,1669,852,212,354,338,415,222,0,2,15,212,124,82,325,91,505,249,71,110,29,339,384,176,8,215,36,294,252,10,215,748,426,372,244,264,253,282,42,253,49,"1","t172"
"173",1303,975,506,954,14,815,3,77,0,127,101,419,60,3,1092,104,148,364,26,59,505,66,39,19,169,496,1087,0,207,0,132,90,54,587,0,1054,893,682,5,8,823,1216,339,48,397,61,229,525,0,572,1340,839,348,189,211,319,105,0,249,0,704,476,74,485,0,4076,3706,828,0,5,1029,1797,335,0,1560,1,164,901,0,507,2239,443,381,417,201,52,748,0,64,0,"4","t173"
"174",948,1180,491,1021,52,1023,89,193,0,135,0,327,104,56,2199,101,159,415,4,5,872,109,112,27,7,550,1301,0,176,0,151,299,35,542,90,1591,335,660,2,36,755,1179,398,7,1012,56,240,400,4,606,1910,940,118,110,139,492,177,0,21,0,569,524,142,446,0,4082,2179,781,0,10,955,1502,339,0,1768,26,170,992,0,482,2339,906,353,384,288,460,819,0,148,0,"4","t174"
"175",1336,116,48,1374,223,865,140,215,0,233,10,156,491,58,787,60,174,233,12,0,107,383,116,399,193,510,996,0,40,4,265,212,134,723,1,1987,156,302,306,20,593,1311,419,0,632,17,246,633,4,464,1396,873,369,188,40,636,761,0,313,20,68,448,182,595,0,282,43,309,143,48,399,800,456,34,156,37,226,254,13,226,531,536,264,218,200,365,510,0,224,109,"1","t175"
"176",914,46,966,1116,436,775,2,551,0,151,7,356,281,4,677,94,215,469,17,13,438,418,157,98,246,536,1254,1,115,29,379,299,22,540,1,2174,2386,711,2,21,749,1069,410,53,710,12,208,312,1,402,1928,654,78,236,216,439,575,0,101,31,124,209,30,444,42,600,369,227,9,112,275,780,81,86,197,97,185,487,3,209,1010,204,266,473,366,111,466,0,352,133,"1","t176"
"177",1135,352,1665,1220,0,497,169,391,0,12,617,707,447,0,673,75,237,330,0,64,34,636,140,57,142,268,1146,0,90,36,134,289,94,680,0,1314,677,324,2,8,684,1310,449,0,395,14,280,288,0,555,1450,831,277,312,183,335,426,0,13,153,280,134,112,580,102,203,198,220,1,46,169,521,295,12,181,48,343,343,61,76,318,649,329,116,26,85,137,39,292,16,"1","t177"
"178",963,441,100,917,2,453,1,328,0,37,599,1093,239,33,429,351,595,648,0,454,20,615,34,14,3,120,604,3,91,305,183,592,21,687,5,1551,7,527,118,15,713,1299,478,76,490,30,287,550,1,424,1814,692,236,215,65,119,67,0,7,7,132,418,73,411,7,538,37,427,13,13,208,848,275,83,418,113,172,273,5,374,1057,293,80,269,51,184,114,0,54,25,"1","t178"
"179",1105,1,130,828,2,541,8,265,0,179,443,426,96,11,1276,384,232,283,1,529,0,491,187,94,359,288,257,0,258,307,87,259,177,646,0,1701,29,389,5,8,807,1211,477,113,806,36,227,693,0,555,1546,624,417,355,184,117,690,1,163,153,84,255,92,314,22,516,123,134,224,22,278,503,205,22,126,23,299,224,44,166,871,199,184,286,130,135,386,7,133,22,"1","t179"
"180",1756,175,691,692,0,290,37,572,0,50,265,284,86,80,669,362,246,145,11,426,111,344,64,14,42,478,97,2,1229,201,124,392,7,492,0,2609,121,498,18,5,689,1190,345,79,174,79,221,764,0,451,1831,448,151,97,157,390,312,14,95,31,254,167,208,641,21,125,136,83,1,11,233,642,301,0,267,102,288,474,37,178,1089,217,198,106,173,128,208,3,94,28,"1","t180"
"181",3079,552,1968,978,8,239,89,198,33,20,52,188,50,2,1182,3,230,190,119,78,138,300,224,66,40,9,520,26,793,437,203,239,90,564,1,1092,280,533,6,21,637,1264,381,1,459,20,260,577,0,386,1344,824,116,281,301,305,617,0,289,12,213,320,124,455,13,607,170,344,6,13,211,556,405,40,270,45,290,202,2,345,918,118,192,76,76,338,242,0,61,91,"1","t181"
"182",1425,72,1821,995,143,199,52,488,3428,55,37,676,138,0,885,24,253,163,226,138,75,220,516,296,262,26,960,29,1178,567,294,843,190,662,12,1804,401,469,100,6,721,1220,436,68,329,69,230,401,0,489,1479,322,237,273,82,255,364,3,266,84,92,111,178,586,16,383,387,227,23,51,125,349,154,29,235,35,203,644,8,154,1004,872,308,160,230,355,343,51,99,173,"1","t182"
"183",1860,0,2630,946,18,327,4,225,0,26,162,669,470,1,2566,2,135,171,0,115,56,312,190,197,317,56,1223,0,447,4,114,292,65,644,6,1795,104,599,6,14,626,1558,182,13,592,11,250,434,0,336,1387,619,422,263,106,507,821,0,45,53,168,378,77,619,18,896,342,399,64,43,110,484,109,30,199,97,256,383,15,361,831,135,265,316,111,161,89,1,153,185,"1","t183"
"184",1329,57,1900,651,3,530,0,255,2,60,391,495,270,0,2857,6,151,199,0,257,94,725,114,42,12,75,2123,5,85,101,143,344,36,541,0,1121,455,601,34,17,740,1110,388,0,289,40,308,645,0,527,1785,649,69,115,290,246,375,4,1167,19,284,233,175,675,50,418,62,371,237,31,287,593,304,22,198,64,301,190,112,250,722,201,222,132,186,178,484,0,138,132,"1","t184"
"185",3445,2,217,739,164,565,0,648,14,75,332,78,395,0,72,115,187,283,0,20,0,363,50,179,190,308,1055,0,15,7,258,108,67,640,13,1887,319,452,0,21,595,1180,443,32,387,13,215,379,0,301,1826,640,214,171,148,504,619,0,398,22,366,496,87,628,0,378,230,277,1,30,223,749,463,42,223,17,281,466,1,180,1022,576,92,83,81,385,321,0,17,75,"1","t185"
"186",3372,0,984,621,79,245,0,372,0,15,86,26,167,5,86,49,181,366,1,0,0,214,187,142,354,311,1407,0,200,345,650,439,66,607,30,1278,17,736,21,6,404,1167,448,7,1008,34,227,146,3,354,1614,611,198,390,254,59,649,1,342,40,518,116,90,521,0,3417,29,779,0,5,1182,1919,374,0,1049,0,175,976,0,433,2189,977,578,335,356,495,967,0,699,19,"4","t186"
"187",3106,9,1635,730,29,165,0,62,0,156,570,84,321,0,228,159,172,250,0,13,0,460,267,46,900,164,657,0,206,0,514,247,89,655,3,1599,94,432,59,37,801,1323,444,12,522,44,233,667,0,306,1541,886,606,180,100,554,432,0,58,174,555,327,110,497,0,3834,149,815,0,7,1013,1659,391,0,1147,6,202,941,3,424,2322,923,503,354,100,509,1480,0,42,16,"4","t187"
"188",2388,0,1191,645,7,578,0,156,0,56,327,281,98,0,152,38,195,290,0,329,0,910,80,191,941,63,178,2,275,358,229,577,70,516,17,1680,68,584,6,13,728,1335,453,31,697,43,196,796,0,141,1666,801,216,170,232,499,856,0,56,100,251,639,59,614,5,946,194,147,24,25,427,1084,271,55,439,10,284,298,33,578,1195,558,186,88,12,507,256,0,41,6,"1","t188"
"189",1212,76,371,557,5,446,0,604,0,20,542,144,168,0,269,21,132,1143,0,81,41,411,830,39,98,317,1535,0,21,551,799,122,60,705,0,2509,737,509,7,24,816,1199,389,4,853,11,258,203,1,523,1782,541,239,237,226,131,667,0,233,0,157,388,27,591,1,1710,434,238,191,6,631,1216,449,19,567,69,233,480,12,365,1451,775,374,368,275,454,325,0,1,56,"2","t189"
"190",1810,0,388,404,177,400,0,649,0,17,25,19,160,8,383,1,179,1359,8,1,0,381,357,764,290,157,935,1,1188,83,171,185,12,693,2,1630,105,794,120,14,775,1325,458,30,575,26,206,714,0,305,1338,289,443,258,355,597,785,1,1,1,355,179,21,468,0,2396,303,750,0,7,610,1523,428,15,735,13,225,677,3,200,1622,872,319,186,128,440,769,0,249,18,"2","t190"
"191",1683,0,254,620,7,102,13,515,2686,14,300,246,272,0,138,4,231,703,0,33,37,462,291,676,199,292,925,0,28,346,71,664,138,687,0,1667,144,461,233,18,933,1212,442,16,378,67,306,435,2,173,1799,508,297,303,93,298,510,0,91,24,428,313,48,652,0,2533,173,639,0,8,753,1382,441,5,722,56,192,777,6,284,1749,707,421,410,26,514,1309,0,262,0,"2","t191"
"192",1680,3,245,600,65,428,69,479,0,40,66,71,59,11,137,25,227,689,25,3,3,191,183,11,167,135,1210,3,458,48,272,398,10,536,0,1279,135,492,1,3,711,1381,485,11,464,8,209,508,0,378,1073,738,447,94,122,442,467,1,214,32,508,203,78,695,60,2368,570,558,0,16,776,1388,402,0,756,2,197,544,0,408,1664,905,393,410,126,490,1072,0,66,38,"2","t192"
"193",300,1140,29,432,2,65,7,86,0,27,972,263,178,0,167,58,198,876,59,1202,129,846,224,4,4,933,284,4,1117,46,474,141,143,716,31,1593,57,430,17,14,591,1168,448,93,471,25,298,475,0,310,1503,785,150,264,165,279,300,0,46,38,102,317,23,662,0,589,181,192,20,34,402,803,471,6,368,41,286,161,26,444,1067,442,288,126,273,114,739,0,156,87,"1","t193"
"194",463,1133,165,431,0,407,27,13,0,57,104,291,375,0,117,38,178,996,244,388,460,884,938,11,7,277,130,20,3005,1191,128,296,20,515,0,2452,1831,632,41,5,769,1110,374,38,994,5,203,641,0,712,1219,546,286,101,112,527,322,1,163,120,159,531,144,517,0,3902,702,815,0,14,1181,2033,363,0,1107,4,166,926,0,455,2111,905,413,351,243,291,1266,0,0,91,"4","t194"
"195",544,1142,133,413,21,389,5,146,0,49,182,72,448,2,77,15,195,982,376,170,1039,1304,50,3,4,595,114,2,1844,80,274,149,71,586,0,1442,136,272,16,24,711,1158,431,4,516,31,192,551,3,357,1446,810,438,415,122,274,662,0,21,211,79,302,130,553,22,366,194,307,38,18,305,567,70,136,310,26,280,218,0,145,592,102,321,150,61,563,332,1,207,138,"1","t195"
"196",390,1002,164,454,0,439,467,201,1,19,115,249,59,1,72,31,194,1191,403,927,1149,1076,128,16,25,569,378,14,250,696,192,402,115,682,5,1232,310,449,170,41,740,1122,455,21,754,7,226,575,4,383,1641,656,193,344,161,306,986,0,45,201,62,209,71,518,56,558,55,429,7,12,331,377,142,35,257,45,231,325,5,122,832,194,349,162,139,288,140,9,141,60,"1","t196"
"197",360,21,172,440,81,251,26,253,0,19,440,399,600,0,78,57,274,974,733,140,142,2005,71,34,316,300,294,24,1210,981,326,353,16,563,0,2149,795,603,0,14,506,1258,438,11,787,7,299,322,0,574,1804,637,230,305,110,497,651,0,146,40,559,180,108,569,20,1241,374,172,253,34,322,1015,291,68,219,87,299,302,0,284,1006,264,386,128,398,602,614,0,30,20,"1","t197"
"198",671,577,146,436,15,54,0,199,0,39,128,145,507,0,218,3,410,1533,464,925,37,1842,79,61,671,507,244,0,2004,208,66,14,25,707,2,1816,715,648,3,14,492,1114,412,54,922,11,200,517,0,113,1282,334,256,454,193,668,518,0,104,199,223,103,150,464,0,3805,625,788,0,14,885,1849,383,0,1754,18,155,799,0,420,2392,878,516,497,278,429,1872,0,873,125,"4","t198"
"199",580,721,77,437,12,457,0,183,0,25,489,101,933,9,153,16,333,901,118,413,1709,1267,205,0,46,829,193,6,1195,125,521,273,47,645,3,2217,45,320,0,7,706,1067,401,36,855,102,224,367,0,224,1795,228,512,137,101,326,472,1,212,140,544,444,98,576,0,443,188,535,7,48,320,1299,412,1,195,65,280,467,24,282,1258,624,219,365,148,342,554,2,13,55,"1","t199"
"200",370,998,130,390,2,543,151,266,0,25,218,254,268,236,116,3,262,1452,245,55,1285,1573,59,12,3,83,245,0,1908,347,223,139,106,477,1,2564,834,640,1,14,635,1034,445,74,530,1,181,479,0,385,1345,599,372,390,273,318,951,0,1189,10,236,771,135,461,2,3717,313,820,0,0,1108,1823,339,57,1582,22,172,900,0,443,2418,938,399,372,331,532,1811,0,414,7,"4","t200"
"201",3033,19,350,1078,3,542,0,303,4591,27,942,191,481,77,555,3,182,257,0,46,0,562,124,73,1,64,2286,0,358,331,111,192,155,521,2,843,130,388,0,5,743,1238,435,11,637,4,222,584,7,478,1376,806,264,167,69,199,1242,0,349,1,165,15,33,620,1,1231,265,510,18,19,825,1375,434,1,632,2,284,691,3,328,1860,844,321,409,350,227,347,0,309,76,"2","t201"
"202",3308,397,193,832,93,214,65,168,0,37,260,25,379,22,420,28,167,280,75,32,20,273,171,83,30,256,1883,0,801,190,548,49,166,675,2,1490,30,304,6,10,722,1286,412,32,552,12,331,386,30,569,1147,906,267,296,202,721,465,0,3,21,318,197,89,593,0,2026,296,393,17,17,626,1096,393,10,651,26,226,408,4,263,1279,730,306,234,254,418,422,0,279,19,"2","t202"
"203",716,1295,189,665,1,681,2617,198,0,6,395,258,295,36,143,23,110,609,117,233,0,1353,130,8,22,392,1795,40,317,505,85,432,85,688,0,2459,236,435,96,17,790,1164,422,1,528,24,205,351,0,610,1921,977,324,383,283,374,511,1,5,102,297,434,147,497,0,2706,46,616,0,10,710,866,383,1,400,3,171,721,0,382,1318,936,222,409,78,518,765,5,47,53,"2","t203"
"204",866,171,199,620,0,436,639,193,0,5,112,365,373,25,177,23,174,771,77,82,0,1144,70,32,50,476,1361,0,201,34,485,535,34,518,0,2319,630,296,91,19,966,1087,240,126,594,3,211,306,0,563,1312,833,278,100,128,337,203,0,11,77,643,267,33,520,1,2311,773,232,0,7,774,1260,474,7,427,8,274,616,0,492,1466,376,528,159,154,398,944,0,355,34,"2","t204"
"205",1600,100,170,631,0,110,735,60,0,41,421,289,507,269,842,32,188,250,16,794,1218,227,135,107,321,6,199,8,1957,189,120,65,74,563,0,1990,1804,612,13,13,865,1021,358,13,558,14,212,519,3,584,1478,960,324,396,199,529,167,0,115,194,142,72,65,718,0,2371,1054,654,13,8,910,1253,196,58,572,116,244,541,0,683,1533,458,661,435,197,377,651,0,205,226,"2","t205"
"206",1190,647,173,489,0,571,3718,419,3,12,260,282,84,161,259,11,131,568,47,128,750,1093,71,6,63,102,925,0,400,24,204,217,34,506,33,593,572,285,322,5,834,1300,489,38,760,25,177,703,0,425,1094,803,314,465,136,591,1484,0,65,65,162,193,155,548,4,2632,142,721,0,7,913,1326,155,30,591,5,203,566,0,415,1782,956,483,368,286,466,537,0,435,26,"2","t206"
"207",1130,191,228,642,14,357,1033,96,0,140,399,192,255,0,2324,6,125,236,33,370,186,851,30,34,91,82,672,1,2031,680,224,370,122,594,26,2110,5896,637,173,18,785,1145,333,50,599,23,212,898,11,546,1392,570,244,352,169,364,655,0,295,14,366,187,51,575,36,2223,353,479,0,12,829,1374,369,4,466,21,247,704,52,276,1369,827,447,171,234,133,1369,0,206,123,"2","t207"
"208",1118,470,47,648,39,79,3822,120,165,51,1216,317,343,2,1135,21,150,160,29,737,47,823,72,102,47,22,1336,0,1779,173,274,395,55,482,6,2033,116,706,275,20,641,1169,431,0,581,4,190,472,11,435,1590,644,231,274,77,258,572,0,282,111,156,100,52,528,26,1369,236,691,0,24,621,1268,499,5,569,35,232,719,1,372,1719,909,240,340,266,146,788,0,88,68,"2","t208"
"209",2113,288,210,969,0,237,34,110,0,66,132,178,354,1,204,13,183,313,328,2,2,993,917,42,234,147,741,3,1052,114,528,68,77,658,2,1478,188,441,11,26,874,1362,433,39,501,1,323,715,0,398,1416,783,344,227,68,439,347,0,293,77,115,72,51,579,4,444,15,296,137,43,212,895,157,28,124,130,218,352,2,200,795,657,343,337,193,246,164,13,101,70,"1","t209"
"210",2846,179,169,723,0,306,76,132,0,45,6,195,669,11,474,9,182,323,199,0,31,594,1271,189,558,138,784,0,1416,47,240,222,21,646,1,2310,220,275,14,5,822,1265,418,49,620,12,222,308,0,332,1473,706,203,117,145,436,523,0,192,73,49,245,177,275,9,451,127,306,47,53,220,579,450,22,272,79,266,212,7,96,777,372,192,115,133,344,105,2,125,190,"1","t210"
"211",2297,612,68,763,1,1397,2,526,236,31,29,240,318,0,76,9,179,172,18,326,157,980,1526,51,56,441,427,27,822,21,262,146,72,557,0,1079,87,427,0,6,786,1005,340,88,372,173,276,375,5,640,1287,938,574,147,34,290,572,0,30,1,248,370,134,475,65,5479,1270,711,102,9,1147,1560,363,1,1445,4,173,954,0,583,2035,938,767,410,188,450,694,0,4,8,"4","t211"
"212",1895,1275,111,560,19,1450,70,211,0,25,168,63,343,1688,32,25,255,505,13,20,179,989,5409,9,19,360,193,0,1,89,333,193,40,535,48,1622,81,394,11,16,685,1274,403,0,476,46,237,553,16,397,1332,851,195,347,170,641,444,1,272,241,117,395,156,511,0,3381,97,793,0,5,1104,1748,409,28,1538,0,185,919,0,462,2377,1020,461,379,104,482,1006,0,41,6,"4","t212"
"213",3825,210,46,495,71,304,328,138,0,120,91,37,349,37,19,2,188,438,152,104,0,518,38,54,178,59,188,3,866,600,159,47,38,637,0,619,588,608,1,21,861,1389,384,62,292,20,202,536,5,78,1357,387,435,251,286,355,857,0,319,21,626,551,103,593,8,1986,27,448,0,13,875,1349,314,6,736,1,246,576,0,473,1424,571,221,305,45,518,54,1,34,85,"2","t213"
"214",3722,30,162,445,41,107,9,125,24,3,21,160,438,10,25,11,205,604,282,0,56,813,210,29,915,101,99,35,1373,199,256,313,17,568,129,1771,303,380,1,15,702,997,425,23,831,27,200,646,1,530,1611,865,145,141,179,243,429,0,8,14,398,341,109,548,0,1377,396,709,319,9,671,1395,456,85,238,2,256,496,0,460,1341,880,188,335,103,460,456,0,141,1,"2","t214"
"215",3276,0,169,404,0,22,58,113,0,6,37,240,275,45,20,22,214,721,390,16,24,608,31,84,1137,29,318,10,1498,143,122,291,137,536,0,1370,230,694,30,7,750,1256,482,1,873,19,195,597,11,320,1134,560,262,440,34,167,708,0,112,34,285,86,157,528,31,2147,147,567,36,21,828,1278,366,105,857,8,217,735,0,637,1589,481,504,390,230,439,228,0,49,0,"2","t215"
"216",3201,1,279,551,79,89,10,206,0,14,52,19,281,19,93,12,218,406,425,42,4,951,161,239,889,77,438,0,1474,338,290,211,31,551,1,1490,171,767,0,6,649,1206,429,2,772,13,294,649,52,495,1703,755,245,425,140,194,590,2,121,62,437,714,125,544,0,2141,92,594,23,15,703,1484,428,23,724,28,233,726,0,440,1638,552,151,158,187,60,1199,2,76,241,"2","t216"
"217",1273,135,88,463,3,699,314,106,0,9,26,86,15,12,256,1,121,558,147,26,10,143,136,125,124,104,641,0,1651,583,71,473,173,701,0,1835,258,571,2,8,755,1205,418,5,871,26,253,465,0,537,1515,270,228,84,150,141,586,0,263,346,173,429,102,666,78,171,80,291,268,11,486,474,455,101,170,50,269,422,49,418,645,616,216,81,19,86,110,0,131,78,"1","t217"
"218",551,507,9,275,3,411,411,108,0,58,34,212,132,741,724,3,82,928,158,25,0,272,122,42,5,62,449,9,2297,292,415,240,53,615,0,2145,717,680,23,0,686,1296,408,13,333,25,270,402,5,492,1536,292,244,181,194,217,444,0,0,86,194,187,118,596,31,296,269,465,23,20,251,443,402,151,148,88,293,286,13,355,859,455,121,293,228,388,42,17,158,32,"1","t218"
"219",493,153,26,552,6,440,154,446,37,52,388,521,296,83,82,14,99,1016,3,14,0,243,205,76,5,57,1388,0,457,65,314,72,25,656,11,1242,259,243,0,43,865,1353,352,4,388,66,227,582,0,161,1371,808,312,196,196,338,798,0,53,33,499,388,158,539,54,370,41,203,17,34,101,628,167,21,440,34,221,439,27,91,1048,346,153,196,56,150,129,0,40,144,"1","t219"
"220",536,850,3,476,18,533,21,287,0,2,63,436,333,6,166,8,80,1498,2,155,0,255,373,76,0,225,1269,0,911,97,174,629,79,596,0,1988,230,392,2,7,694,1361,434,0,211,34,254,579,0,332,1452,777,186,312,108,288,797,0,49,84,105,213,59,553,5,266,305,378,107,7,417,342,362,72,122,126,267,361,2,237,968,430,115,188,106,329,307,10,43,50,"1","t220"
"221",380,10,14,794,0,403,353,255,0,29,1060,694,305,17,248,4,184,972,3,85,0,667,219,105,184,607,400,0,1180,275,369,428,36,518,0,1402,230,442,2,17,984,1310,481,3,542,5,260,449,0,316,1380,483,214,236,35,303,440,1,131,6,165,492,86,418,19,439,5,282,14,16,126,630,370,35,250,31,310,287,37,280,1000,257,210,81,158,39,222,48,129,156,"1","t221"
"222",370,984,50,733,0,582,317,563,0,8,391,1443,311,16,172,13,160,832,65,44,0,443,1393,111,6,424,746,3,394,109,118,87,102,566,1,1639,997,370,0,22,740,1097,391,0,386,49,295,746,5,443,1602,482,148,91,122,580,464,0,121,212,148,323,95,649,7,654,97,229,54,36,236,798,327,13,170,60,345,291,8,351,404,427,262,132,154,276,285,7,74,38,"1","t222"
"223",462,542,21,554,0,789,74,259,0,14,568,639,142,6,158,4,129,495,185,0,29,1500,157,24,54,114,1219,0,510,121,197,361,87,526,0,659,235,624,0,52,574,1286,441,25,786,66,279,710,8,396,1702,444,68,218,216,615,238,0,13,107,274,3,217,473,0,363,95,404,1,32,167,518,216,4,127,24,344,207,11,277,882,630,165,284,286,225,34,4,64,28,"1","t223"
"224",448,660,64,665,0,453,286,139,1,38,131,629,497,20,182,3,147,866,39,90,16,1172,843,116,12,244,841,0,768,128,435,410,146,727,0,2277,128,450,97,10,788,1416,456,28,374,40,248,363,0,449,1752,883,309,183,94,367,468,1,57,10,140,135,16,485,69,473,200,434,26,18,241,673,275,44,301,71,287,351,13,248,869,531,149,194,148,322,361,5,24,91,"1","t224"
"225",811,1418,5,191,0,1070,2486,356,43,9,214,400,87,598,1856,57,30,660,1,207,229,242,141,23,52,544,298,0,760,190,168,347,31,563,0,1776,299,169,1,30,618,1122,437,26,263,11,207,304,0,534,1315,862,202,162,247,529,554,0,4,52,110,131,108,492,3,590,312,260,33,6,314,439,242,47,97,52,198,483,4,205,708,558,219,140,164,38,134,28,111,11,"1","t225"
"226",1222,1581,59,157,17,697,2490,179,117,74,102,360,133,763,335,3,28,546,125,87,232,500,267,18,0,325,541,0,1940,52,195,414,118,549,20,997,208,553,9,28,904,1210,409,13,619,20,280,787,59,317,1478,557,162,85,89,430,425,0,210,99,454,543,36,480,4,296,207,530,22,17,264,853,92,31,223,62,236,314,12,201,1073,258,76,105,283,280,452,0,175,210,"1","t226"
"227",939,1376,31,81,98,671,373,178,26,28,76,487,113,802,1060,31,17,1130,232,4,190,222,572,78,9,222,224,1,3434,42,152,15,107,676,7,1936,65,297,130,18,689,1183,337,22,657,6,250,186,0,595,1572,532,85,96,102,172,414,0,51,37,122,527,197,580,0,140,425,360,284,21,284,632,68,1,141,33,163,302,0,338,348,226,98,126,221,162,138,3,173,116,"1","t227"
"228",1477,1363,88,67,34,658,1142,80,4,13,17,33,148,996,313,2,24,941,299,4,81,295,606,179,314,418,361,0,2457,104,315,120,146,614,0,2338,8186,460,25,13,745,1106,421,15,562,37,289,443,0,525,1616,510,133,307,206,350,1025,0,9,42,531,392,53,612,78,283,39,355,2,14,279,493,327,21,239,25,261,276,31,255,140,271,320,158,68,103,276,3,134,64,"1","t228"
"229",365,1250,54,190,56,852,1540,204,155,24,28,428,439,1199,4710,155,32,90,174,414,1098,200,19,39,174,587,88,0,2559,217,240,180,85,618,18,1238,281,424,171,7,806,1113,515,14,531,13,225,411,0,303,1592,764,240,114,44,388,521,0,81,35,720,919,156,531,0,3395,660,571,0,9,1006,1598,385,3,1670,8,175,875,3,406,2487,870,391,226,200,185,1226,0,469,24,"4","t229"
"230",404,1098,158,227,32,213,1016,108,146,41,48,338,61,703,851,166,17,637,162,530,15,64,266,86,524,627,168,2,1837,299,110,681,74,659,19,2765,153,220,0,24,760,1375,419,4,839,30,254,215,0,502,1683,756,409,253,78,610,524,0,5,93,163,597,136,578,22,809,296,224,0,23,635,703,450,82,233,17,276,507,0,211,234,308,273,202,293,367,511,2,324,8,"1","t230"
"231",881,1239,41,228,62,80,1020,86,30,25,120,445,275,232,1691,92,23,388,42,296,330,38,47,61,0,71,210,0,2823,248,471,556,95,684,0,1437,220,756,2,4,844,1220,504,6,568,161,253,315,0,301,1737,395,154,189,157,677,509,0,2,43,820,1042,152,476,0,4015,403,781,67,8,967,1490,381,29,1707,3,182,791,0,447,1985,950,397,360,317,394,1103,0,230,0,"4","t231"
"232",1307,630,79,360,97,420,979,71,9,15,213,135,278,162,1160,47,71,811,90,380,325,116,110,48,11,78,599,0,1903,66,289,544,129,674,3,2080,269,547,0,31,717,1317,454,47,638,35,212,316,0,410,1338,739,430,194,99,245,712,11,34,127,229,383,57,481,0,3957,2280,842,0,12,1299,1873,316,1,1105,8,179,698,0,439,2188,874,431,363,118,449,935,0,21,21,"4","t232"
"233",1713,1043,162,375,62,124,152,94,9,80,136,169,228,158,7214,448,155,150,140,272,1538,73,161,171,42,248,492,0,2304,253,645,511,26,691,0,1904,4,169,12,3,657,1193,184,43,283,59,204,443,0,302,1710,368,218,51,128,197,297,3,309,6,514,28,91,602,0,2220,40,509,1,19,729,1316,422,3,693,7,231,143,4,435,1784,832,199,317,239,461,531,0,0,1,"2","t233"
"234",1376,720,309,368,98,173,140,216,0,40,4,15,164,308,5770,299,149,678,306,340,1591,117,12,130,7,305,419,0,3364,202,280,670,58,682,2,2593,260,568,131,25,624,1422,418,18,494,37,200,754,0,295,1778,963,395,143,262,438,548,1,49,8,491,362,14,645,13,1870,25,667,1,6,546,1379,392,5,695,38,263,615,17,377,1636,712,166,97,174,349,453,1,64,127,"2","t234"
"235",128,232,191,276,174,268,810,153,1120,90,210,814,552,1499,4534,16,82,270,0,465,1167,33,48,62,232,311,165,0,916,22,185,698,43,476,5,1985,58,258,16,6,934,1299,462,11,302,34,225,540,0,506,1407,875,193,208,190,512,481,0,130,0,770,122,98,543,20,1461,63,320,319,20,502,1290,449,27,696,10,226,626,0,248,1460,488,232,376,126,499,746,18,27,13,"2","t235"
"236",1607,917,35,41,84,321,1014,257,143,39,136,602,105,1542,6490,150,102,140,23,453,1166,66,66,113,41,329,259,6,2637,220,783,141,162,589,73,1667,214,504,2,16,756,1160,464,19,505,55,254,552,0,203,1222,930,88,229,136,448,453,0,33,4,299,38,166,647,11,1742,198,372,145,15,839,1158,390,1,646,6,206,768,0,418,1271,684,264,371,247,507,414,0,92,11,"2","t236"
"237",1324,947,200,427,67,841,5635,399,12,2,216,1661,117,171,820,44,150,62,257,399,1083,180,120,143,0,433,779,0,907,444,233,42,13,684,0,2143,539,562,0,47,764,1342,456,0,500,5,259,683,0,350,1744,741,318,120,55,275,415,0,50,159,197,308,26,513,6,1612,311,294,27,26,664,1128,338,2,1169,20,228,775,0,240,1280,362,198,324,149,131,727,2,79,78,"2","t237"
"238",1533,900,119,95,21,528,2253,261,69,44,26,1191,24,195,2185,32,412,133,668,583,1067,728,16,28,0,125,135,8,1634,300,267,359,94,677,0,1650,23,459,5,12,669,1175,283,54,515,6,193,284,0,327,1373,854,690,248,113,128,589,0,1,6,65,635,187,694,0,1950,406,730,68,5,828,1184,410,80,509,15,250,446,0,386,1715,931,336,343,118,581,311,0,718,63,"2","t238"
"239",850,1144,34,76,6,237,1311,253,9,26,102,1329,163,224,345,91,33,274,28,291,104,207,117,258,45,409,416,0,480,148,666,121,29,688,14,2108,4601,421,32,8,519,1161,469,28,624,59,291,456,0,475,1436,903,346,329,132,481,305,1,56,14,185,673,4,507,0,2066,109,290,58,22,972,1297,64,13,774,6,231,516,7,569,1446,603,342,209,122,497,748,2,74,3,"2","t239"
"240",1643,942,60,174,14,58,226,410,0,69,210,1189,412,107,211,280,58,46,415,189,242,400,72,51,0,205,301,6,488,66,185,47,40,679,0,1497,61,352,50,23,804,1408,499,16,714,32,239,460,2,453,1517,922,235,178,72,305,1433,4,137,41,145,493,77,607,8,1142,572,564,93,9,624,1334,418,6,647,10,229,232,11,445,1409,292,387,216,144,481,375,0,27,42,"2","t240"
"241",501,102,52,851,74,213,258,175,329,12,47,1316,649,16,35,82,274,44,20,63,38,1301,91,37,413,382,350,193,178,26,538,331,52,643,0,1223,84,430,1,23,801,1377,450,17,989,13,185,408,1,369,1682,887,131,156,79,692,1614,0,146,151,225,397,164,558,16,1392,118,614,0,12,797,1483,463,2,360,23,206,831,0,185,1357,893,402,196,28,465,763,1,9,125,"2","t241"
"242",577,352,730,1123,99,593,204,148,102,13,232,1165,27,18,375,38,264,140,54,35,632,242,141,182,711,805,746,465,109,73,102,572,104,705,1,1780,186,416,1,16,859,1283,270,46,213,8,297,342,0,305,1464,972,456,248,133,486,731,0,11,199,519,224,142,641,0,1891,295,496,5,10,729,1304,477,17,348,6,231,635,0,355,1624,482,625,401,320,79,468,0,155,178,"2","t242"
"243",1131,915,257,1074,1,310,84,37,6,14,46,916,657,15,248,48,271,29,311,318,1497,721,322,28,115,132,240,255,1552,112,334,608,93,692,2,2071,1209,716,0,15,674,1276,371,0,555,100,283,564,3,418,1293,873,55,262,69,519,380,0,213,12,122,381,111,525,0,2841,368,602,0,8,828,1253,361,2,980,10,212,602,3,520,1822,782,215,242,148,370,621,0,38,41,"2","t243"
"244",1276,321,346,1122,39,379,39,168,0,21,71,1337,708,0,991,21,380,89,219,217,1445,918,64,15,292,694,146,56,1269,121,267,374,31,727,0,1802,40,488,1,45,683,1256,458,3,464,11,295,735,0,274,1549,737,140,281,279,280,463,0,18,0,118,265,162,657,0,1727,58,703,0,15,895,1488,359,1,431,16,177,531,1,440,1509,942,345,254,141,664,1204,0,56,22,"2","t244"
"245",1261,174,388,986,0,63,70,106,2,107,53,425,956,16,318,35,356,155,217,280,249,515,443,127,300,409,299,144,1052,9,178,306,79,565,0,2781,3106,615,0,13,818,1075,405,10,361,5,289,574,0,479,1317,884,508,405,205,320,139,0,2,67,569,403,158,569,0,4647,754,794,0,6,1082,2041,389,0,1197,16,155,909,6,445,2057,572,727,415,116,542,1842,0,0,0,"4","t245"
"246",731,997,619,1060,11,610,441,193,10,36,67,755,493,84,478,51,218,219,68,426,92,501,469,164,460,782,165,153,615,53,277,182,102,740,5,1047,2,400,0,30,616,1420,461,7,783,17,240,601,0,311,1927,690,220,334,173,176,499,0,346,12,1262,325,49,481,0,4512,364,829,0,1,1377,2252,409,9,908,1,157,1005,0,402,2002,918,668,337,129,492,1532,0,495,7,"4","t246"
"247",366,1311,1610,355,4,117,886,97,557,27,279,401,283,611,376,116,41,139,48,451,566,571,14,134,0,590,133,54,239,102,77,325,16,695,0,917,208,289,8,16,754,1260,488,43,622,26,248,614,21,325,1306,520,146,416,220,267,183,17,447,155,1582,158,151,536,0,2944,330,828,0,3,1101,2007,409,1,1398,29,180,819,0,414,2068,641,317,364,134,506,1108,0,5,54,"4","t247"
"248",150,1371,600,146,15,242,4644,59,1271,51,57,418,259,1033,204,51,4,221,105,610,603,184,280,35,0,154,159,42,534,241,390,241,71,565,3,2135,244,550,2,10,835,1081,394,14,330,26,260,448,0,295,1374,414,256,243,214,140,547,0,4,70,407,215,141,460,0,3172,1024,627,0,12,1149,1524,391,13,1551,17,159,937,1,422,2075,955,410,283,128,471,1740,0,23,38,"4","t248"
"249",659,957,97,107,61,581,3231,183,522,72,45,507,48,128,149,175,3,647,346,0,764,39,162,138,4,142,630,0,492,154,757,251,32,630,0,1211,394,458,0,30,680,1358,446,4,747,10,256,405,41,338,1310,927,156,95,275,361,1730,5,298,125,206,236,105,346,9,684,310,216,5,63,288,255,424,47,182,31,208,431,1,130,869,605,191,446,186,320,566,5,16,111,"1","t249"
"250",154,884,251,215,99,416,2246,92,3858,31,207,591,45,185,185,204,25,512,94,24,1201,39,65,271,129,46,610,0,628,258,241,674,14,690,0,2794,704,442,17,26,786,1248,388,28,856,16,227,287,0,576,1713,490,139,128,88,296,1112,0,247,20,351,273,62,414,73,754,60,300,270,17,191,192,61,22,312,44,306,283,6,111,392,246,156,330,207,305,413,1,163,28,"1","t250"
"251",1454,972,45,223,228,1176,5524,107,299,29,3,43,33,285,126,181,0,354,963,300,143,198,602,68,20,391,342,16,1180,66,139,117,20,701,15,1595,230,587,67,75,735,1322,232,0,958,15,225,495,1,420,1471,673,248,161,67,424,684,0,5,7,245,509,132,482,0,4031,43,277,2,17,956,1369,368,2,1288,10,192,764,0,442,2029,942,669,391,66,474,1061,0,42,3,"4","t251"
"252",456,827,10,136,136,2399,46119,97,195,102,138,114,90,192,366,127,4,412,76,285,630,188,410,109,26,308,481,3,1155,0,155,62,6,521,0,1362,648,488,0,23,720,1185,510,30,721,20,174,364,17,390,1622,494,392,498,148,599,859,0,79,17,298,314,24,478,0,4381,157,775,0,3,1334,1771,381,2,1274,28,147,945,3,403,2259,1017,584,374,239,466,660,0,97,0,"4","t252"
"253",1435,1187,141,608,0,1467,2248,168,55,18,122,971,185,147,33,137,145,206,5,430,422,332,181,168,110,549,415,2,106,42,337,299,153,594,0,928,27,290,232,6,435,1250,270,61,706,27,207,565,19,328,1549,439,198,379,213,261,298,0,49,335,148,130,33,563,31,325,293,340,369,37,176,567,128,59,179,45,299,161,17,233,292,394,324,129,198,159,109,1,213,206,"1","t253"
"254",1061,751,23,132,55,1079,1544,374,78,2,382,2017,202,75,128,109,197,112,3,117,691,292,597,271,179,405,897,96,134,119,341,369,119,609,15,1103,649,622,55,13,620,1191,424,38,1075,79,221,650,1,289,1770,779,247,172,83,305,394,0,39,45,348,609,19,454,114,239,300,364,219,12,130,327,385,45,410,37,183,420,1,362,789,317,51,47,119,463,843,7,175,70,"1","t254"
"255",1114,962,158,124,0,1882,69124,376,1922,14,607,1333,143,157,68,21,106,131,16,336,286,242,75,23,2,30,408,0,26,8,263,277,116,607,0,1946,160,209,236,7,591,1133,362,10,232,40,206,237,0,397,1757,451,251,123,71,384,368,0,33,15,585,865,45,430,0,3645,154,769,0,8,1165,1802,164,35,1523,2,160,863,0,395,2320,973,533,343,192,448,1293,0,0,58,"4","t255"
"256",868,1274,18,25,2,1131,5968,42,2479,9,661,1127,130,209,363,24,3,65,1,318,804,382,244,31,120,170,711,16,458,4,130,214,108,553,30,2229,162,406,13,7,697,1158,264,19,987,16,227,973,53,543,1659,233,141,274,194,253,756,0,277,83,257,667,95,491,46,3755,484,800,0,0,1160,2072,303,11,1218,2,179,820,0,399,2128,919,559,457,278,503,1303,0,1,0,"4","t256"
